Identifier,Label
<http://github.com/callahantiff/PheKnowLator/pkt/0e9770498b210af605d95dcf8c5737b9>,CONTEXTUAL collinsella aerofaciens: lower digestive tract Mus musculus
<http://github.com/callahantiff/PheKnowLator/pkt/7a2693670942f926bf48c7123096c07f>,CONTEXTUAL oscillibacter: lower digestive tract Homo sapiens
<http://github.com/callahantiff/PheKnowLator/pkt/fdea3a8dd1434251ac2e0e159f2eb8d1>,CONTEXTUAL enterococcus faecalis ms2: lower digestive tract Mus musculus
<http://github.com/callahantiff/PheKnowLator/pkt/42ab1d099a6f68ffc79a534607663d9d>,CONTEXTUAL akkermansia: lower digestive tract Homo sapiens
<http://github.com/callahantiff/PheKnowLator/pkt/415d1a15c6e786f0712879672186b7c4>,CONTEXTUAL phocaeicola vulgatus: lower digestive tract Homo sapiens
<http://github.com/callahantiff/PheKnowLator/pkt/08c265a2aa02ebf7f92b277d3b9ee9ff>,CONTEXTUAL staphylococcus aureus atcc 26003: lower digestive tract Mus musculus
<http://github.com/callahantiff/PheKnowLator/pkt/a8b43002727d49e5a1add5b4c45aa71c>,CONTEXTUAL bifidobacterium breve b7824: lower digestive tract Homo sapiens
<http://github.com/callahantiff/PheKnowLator/pkt/105343bd77ca59e21b7f78d00f1a8f31>,CONTEXTUAL succinivibrio: lower digestive tract Homo sapiens
<http://github.com/callahantiff/PheKnowLator/pkt/551d4095633d855cb6a91468b379f2ec>,CONTEXTUAL clostridium butyricum b1: lower digestive tract Mus musculus
<http://github.com/callahantiff/PheKnowLator/pkt/729b776c6ab4e31d9301dc048d948f52>,CONTEXTUAL blautia producta snu-julong 732: lower digestive tract Homo sapiens
<http://github.com/callahantiff/PheKnowLator/pkt/d599c72380a0d4a50da2a70d139d4e86>,CONTEXTUAL collinsella: lower digestive tract Homo sapiens
<http://github.com/callahantiff/PheKnowLator/pkt/8e2ed2ab20904c2e86feebdcb0a8dff2>,CONTEXTUAL human intestinal bacterium snu-julong732: lower digestive tract Homo sapiens
<http://github.com/callahantiff/PheKnowLator/pkt/e69ab0e8829e023adf90b941e0d22a96>,CONTEXTUAL eggerthella lenta: lower digestive tract Homo sapiens
<http://github.com/callahantiff/PheKnowLator/pkt/5304efc2d72e0b4bc4654846b3ff692f>,CONTEXTUAL bacteroides: lower digestive tract Homo sapiens
<http://github.com/callahantiff/PheKnowLator/pkt/821199a9dc8447ed6ec01f6cebd92eaa>,CONTEXTUAL allisonella: lower digestive tract Homo sapiens
<http://github.com/callahantiff/PheKnowLator/pkt/440d4fb88001fec5fc8cd223a9a4a06c>,CONTEXTUAL clostridium tyrobutyricum: lower digestive tract Homo sapiens
<http://github.com/callahantiff/PheKnowLator/pkt/ff8e0772a2b336dc096fcc9ddd126e74>,CONTEXTUAL paraprevotella clara yit 11840: lower digestive tract Homo sapiens
<http://github.com/callahantiff/PheKnowLator/pkt/c24aa6045bfc3761dfeb37ba9589304c>,CONTEXTUAL lactobacillus acidophilus 4357: lower digestive tract Homo sapiens
<http://github.com/callahantiff/PheKnowLator/pkt/fa55863fc5a98de919995e38d4e4d0ad>,CONTEXTUAL anaerococcus hydrogenalis dsm 7454: lower digestive tract Mus musculus
<http://github.com/callahantiff/PheKnowLator/pkt/83670ae924d82e40f0ad307d7bf1221c>,CONTEXTUAL deferribacteres: lower digestive tract Mus musculus
<http://github.com/callahantiff/PheKnowLator/pkt/82fd62fa85ebb638161e4f5285960cae>,CONTEXTUAL intestinibacter: lower digestive tract Mus musculus
<http://github.com/callahantiff/PheKnowLator/pkt/ab36246c322fca491fdbc0fda92cf7cb>,CONTEXTUAL bifidobacterium dentium: lower digestive tract Homo sapiens
<http://github.com/callahantiff/PheKnowLator/pkt/30b909bf2513f0a1d270fd6f4b414f21>,CONTEXTUAL collinsella aerofaciens: lower digestive tract Homo sapiens
<http://github.com/callahantiff/PheKnowLator/pkt/696f37d33cca9ee13654407954db28f8>,CONTEXTUAL bacteroides ovatus bacova_04222: lower digestive tract Mus musculus
<http://github.com/callahantiff/PheKnowLator/pkt/56ee8f7e6144916d4b90b39790996dcd>,CONTEXTUAL catenibacterium: lower digestive tract Homo sapiens
<http://github.com/callahantiff/PheKnowLator/pkt/7f4405e60d2cc360bbcc92c13c21b4a8>,CONTEXTUAL asaccharobacter celatus jcm 14811: lower digestive tract Homo sapiens
<http://github.com/callahantiff/PheKnowLator/pkt/369ba8811b9007e6ea3c62d8b52582ef>,CONTEXTUAL anaerostipes caccae l1-92: lower digestive tract Mus musculus
<http://github.com/callahantiff/PheKnowLator/pkt/fce2fe74777057b01ba439ed376721bf>,CONTEXTUAL faecalibacterium prausnitzii cncm i-4644: lower digestive tract Homo sapiens
<http://github.com/callahantiff/PheKnowLator/pkt/e6f21fd992e9f9c0328d1d174140af26>,CONTEXTUAL akkermansia muciniphila: lower digestive tract Mus musculus
<http://github.com/callahantiff/PheKnowLator/pkt/9b5745077ccea9c081df201468fe5d4c>,CONTEXTUAL asaccharobacter celatus jcm 14811: lower digestive tract Mus musculus
<http://github.com/callahantiff/PheKnowLator/pkt/c22bbf2b1ae78c5a4a5e9927b8f6d9bb>,CONTEXTUAL bacteroides fragilis atcc 23745: lower digestive tract Homo sapiens
<http://github.com/callahantiff/PheKnowLator/pkt/780e078486cfb49b80e4bfeb3c2204ce>,CONTEXTUAL coprococcus comes atcc 27758: lower digestive tract Mus musculus
<http://github.com/callahantiff/PheKnowLator/pkt/e3e6b95b70541b23b13c295bcbc31a23>,CONTEXTUAL akkermansia muciniphila atcc baa-835: lower digestive tract Mus musculus
<http://github.com/callahantiff/PheKnowLator/pkt/5275410455280f5eb718181d5921be1e>,CONTEXTUAL akkermansia muciniphila atcc baa-835: lower digestive tract Homo sapiens
<http://github.com/callahantiff/PheKnowLator/pkt/4920950d181291a9b8e564aa35a0a8f9>,CONTEXTUAL fusobacterium sp.: lower digestive tract Mus musculus
<http://github.com/callahantiff/PheKnowLator/pkt/c27598e8ccf07538fb87db43caf11a22>,CONTEXTUAL clostridium cadaveris cc44 001g: lower digestive tract Homo sapiens
<http://github.com/callahantiff/PheKnowLator/pkt/242df68c4652bf0811b877003e6ae1a2>,CONTEXTUAL roseburia sp. a2-181: lower digestive tract Homo sapiens
<http://github.com/callahantiff/PheKnowLator/pkt/681bd0941b4cbb682ef6d56a8840c068>,CONTEXTUAL roseburia gnavus: lower digestive tract Mus musculus
<http://github.com/callahantiff/PheKnowLator/pkt/85f7e148e903333a02300e79c3bb593b>,CONTEXTUAL clostridium sp. sdg-mt85-3db: lower digestive tract Homo sapiens
<http://github.com/callahantiff/PheKnowLator/pkt/9812c288e4d1745001bfab3d445757d4>,CONTEXTUAL lactobacillus mucosae: lower digestive tract Homo sapiens
<http://github.com/callahantiff/PheKnowLator/pkt/af3d6e8931b459b67b2ca94d0934b0ce>,CONTEXTUAL clostridium scindens: lower digestive tract Homo sapiens
<http://github.com/callahantiff/PheKnowLator/pkt/1466ee83e764fd4220b260e479c1ceb9>,CONTEXTUAL lactobacillus rhamnosus oll2838: lower digestive tract Mus musculus
<http://github.com/callahantiff/PheKnowLator/pkt/d7dd7e907ceac337bdf1405e8260b119>,CONTEXTUAL faecalibacterium prausnitzii: lower digestive tract Mus musculus
<http://github.com/callahantiff/PheKnowLator/pkt/cea14ad1b1e0cba38a4913e863e2db87>,CONTEXTUAL lactobacillus rhamnosus gg: lower digestive tract Homo sapiens
<http://github.com/callahantiff/PheKnowLator/pkt/173deb91cd63131a824ebc10e5d41edb>,CONTEXTUAL lactobacillus rhamnosus: lower digestive tract Homo sapiens
<http://github.com/callahantiff/PheKnowLator/pkt/9cb8fad35f8ef10490ff6973b5c4501f>,CONTEXTUAL eggerthella lenta jcm 9979: lower digestive tract Homo sapiens
<http://github.com/callahantiff/PheKnowLator/pkt/9b74c2c7bada01bdf6954a1a7b816560>,CONTEXTUAL bifidobacterium longum hy8001: lower digestive tract Homo sapiens
<http://github.com/callahantiff/PheKnowLator/pkt/744d3e03bddc201f641fbf8a62f5b831>,CONTEXTUAL bifidobacterium adolescentis mb 114: lower digestive tract Homo sapiens
<http://github.com/callahantiff/PheKnowLator/pkt/73952f62f9c1d6eb62354d0a24a87450>,CONTEXTUAL bifidobacterium pseudocatenulatum wc 0401: lower digestive tract Homo sapiens
<http://github.com/callahantiff/PheKnowLator/pkt/3f79c481f39374494c7cd5f5da374e2b>,CONTEXTUAL bifidobacterium longum subsp. infantis b7875: lower digestive tract Homo sapiens
<http://github.com/callahantiff/PheKnowLator/pkt/3773f48da843c59caf528dae22e93e45>,CONTEXTUAL flavonifractor plautii atcc 49531: lower digestive tract Homo sapiens
<http://github.com/callahantiff/PheKnowLator/pkt/4337a6861f472b8c567dae6f11c0bef0>,CONTEXTUAL bacteroidetes: lower digestive tract Mus musculus
<http://github.com/callahantiff/PheKnowLator/pkt/4acb5141350cc05eb58f7b49aed9c1e3>,CONTEXTUAL adlercreutzia equolifaciens fjc-b20: lower digestive tract Homo sapiens
<http://github.com/callahantiff/PheKnowLator/pkt/480a235b92ea605ec32d6dbb9c835292>,CONTEXTUAL parabacteroides: lower digestive tract Mus musculus
<http://github.com/callahantiff/PheKnowLator/pkt/ba77df34f6946f1c483c8996b9346901>,CONTEXTUAL prevotella copri: lower digestive tract Homo sapiens
<http://github.com/callahantiff/PheKnowLator/pkt/d9b1e2016d1d52185b66a0926adb5ec4>,CONTEXTUAL mycolicibacterium smegmatis: lower digestive tract Mus musculus
<http://github.com/callahantiff/PheKnowLator/pkt/53124cde9df68f0d8a71ed6234aa2962>,CONTEXTUAL ruminococcaceae: lower digestive tract Mus musculus
<http://github.com/callahantiff/PheKnowLator/pkt/e9f5169c117e3f7bf0547159ad42d542>,CONTEXTUAL weissella: lower digestive tract Homo sapiens
<http://github.com/callahantiff/PheKnowLator/pkt/2d45e1afa68a0e56833b62d81e071d34>,CONTEXTUAL streptococcus salivarius cip102503: lower digestive tract Homo sapiens
<http://github.com/callahantiff/PheKnowLator/pkt/6220d0541f555198aa37fd7ba13e474a>,CONTEXTUAL catenibacillus scindens: lower digestive tract Homo sapiens
<http://github.com/callahantiff/PheKnowLator/pkt/832b1c1e57113a9bb6c5d79e9f8967b9>,CONTEXTUAL faecalibacterium prausnitzii cncm i-4546: lower digestive tract Homo sapiens
<http://github.com/callahantiff/PheKnowLator/pkt/e505e13092467b805b3902660f0b8e9f>,CONTEXTUAL bacteroides fragilis: lower digestive tract Mus musculus
<http://github.com/callahantiff/PheKnowLator/pkt/699828e694691cf5ae268cefc2a5a155>,CONTEXTUAL lactobacillus: lower digestive tract Homo sapiens
<http://github.com/callahantiff/PheKnowLator/pkt/a36455f2e3bdd167e5d23a4a398bde78>,CONTEXTUAL clostridium scindens: lower digestive tract Mus musculus
<http://github.com/callahantiff/PheKnowLator/pkt/e4fe38a0e6d6bb69c03eb391a8b5ac73>,CONTEXTUAL clostridioides difficile vpi 10463: lower digestive tract Homo sapiens
<http://github.com/callahantiff/PheKnowLator/pkt/a707dac5339223f0a7db87f6fee0dfc1>,CONTEXTUAL cebas 4a4: lower digestive tract Homo sapiens
<http://github.com/callahantiff/PheKnowLator/pkt/334aae5419d28ca6cbcd39628ddfac93>,CONTEXTUAL clostridium hathewayi dsm 13479 zp_6112601: lower digestive tract Mus musculus
<http://github.com/callahantiff/PheKnowLator/pkt/dab87aec71c26b68cb1a1d11c8c93cf4>,CONTEXTUAL lactiplantibacillus plantarum: lower digestive tract Mus musculus
<http://github.com/callahantiff/PheKnowLator/pkt/090a8378967e1ab6c7c161ea0cbee6b1>,CONTEXTUAL bacteroides ovatus: lower digestive tract Homo sapiens
<http://github.com/callahantiff/PheKnowLator/pkt/1a2ee0e4da32a5d9a6a5a2e90d6a5fa8>,CONTEXTUAL slackia equolifaciens jcm 16059: lower digestive tract Mus musculus
<http://github.com/callahantiff/PheKnowLator/pkt/4d9aff16a3a60ec3c2e020a38e354b22>,CONTEXTUAL clostridioides difficile: lower digestive tract Homo sapiens
<http://github.com/callahantiff/PheKnowLator/pkt/2250e858ded64f3d0cdabed948674099>,CONTEXTUAL eubacterium limosum: lower digestive tract Homo sapiens
<http://github.com/callahantiff/PheKnowLator/pkt/ce22c02fdf33bcda64d36461e95cf2dd>,CONTEXTUAL escherichia coli: lower digestive tract Mus musculus
<http://github.com/callahantiff/PheKnowLator/pkt/571745e4cca221e15251290cd76e5742>,CONTEXTUAL lachnospiraceae: lower digestive tract Mus musculus
<http://github.com/callahantiff/PheKnowLator/pkt/563a4939298f3681dd028bfe41661f2d>,CONTEXTUAL end-49: lower digestive tract Homo sapiens
<http://github.com/callahantiff/PheKnowLator/pkt/5014d4ad95a9e7ef666f8de5ca122d0c>,CONTEXTUAL clostridium butyricum cbm588: lower digestive tract Mus musculus
<http://github.com/callahantiff/PheKnowLator/pkt/d7cbd833acb3c357420cf403a307ca64>,CONTEXTUAL bacteroides sp. 42: lower digestive tract Homo sapiens
<http://github.com/callahantiff/PheKnowLator/pkt/8d6ec1f24c68a9e71d74bec9222b32f0>,CONTEXTUAL enterococcus durans m4-5: lower digestive tract Homo sapiens
<http://github.com/callahantiff/PheKnowLator/pkt/e3addb0dc923f17722776cbab3baacaa>,CONTEXTUAL slackia isoflavoniconvertens dsm 22006: lower digestive tract Homo sapiens
<http://github.com/callahantiff/PheKnowLator/pkt/c931ac2ea9bf1fb55eb7707154fe7bb3>,CONTEXTUAL weissella paramesenteroides: lower digestive tract Homo sapiens
<http://github.com/callahantiff/PheKnowLator/pkt/a687176cf5f450c6c71c8cf1200e2b62>,CONTEXTUAL bacterium mrg-ifc-2: lower digestive tract Homo sapiens
<http://github.com/callahantiff/PheKnowLator/pkt/e3b22f4575703c2752af50b3aa980335>,"CONTEXTUAL ωfldc"": lower digestive tract Homo sapiens"
<http://github.com/callahantiff/PheKnowLator/pkt/3bdaa73f48e7b07a4876b842ac1085ee>,CONTEXTUAL clostridia: lower digestive tract Mus musculus
<http://github.com/callahantiff/PheKnowLator/pkt/f2b81afe91bc170454e09d87b9730eaa>,CONTEXTUAL phascolarctobacterium succinatutens yit 12067: lower digestive tract Mus musculus
<http://github.com/callahantiff/PheKnowLator/pkt/fe4dfe8ddb3d39c6532fc87c0ac4e144>,CONTEXTUAL paraprevotella: lower digestive tract Mus musculus
<http://github.com/callahantiff/PheKnowLator/pkt/fb04058d12c2e9a0b23c51b1ca2dd607>,CONTEXTUAL macrococcus: lower digestive tract Homo sapiens
<http://github.com/callahantiff/PheKnowLator/pkt/49de8abcd6218308aa9fa1968c0bde59>,CONTEXTUAL selenomonas ruminantium tam 6421: lower digestive tract Mus musculus
<http://github.com/callahantiff/PheKnowLator/pkt/7a30ef1027c3cebde17c445671458a1f>,CONTEXTUAL bifidobacterium pseudocatenulatum mb 264: lower digestive tract Homo sapiens
<http://github.com/callahantiff/PheKnowLator/pkt/9bbf7aa1d3243a3d91f831ae8700010c>,CONTEXTUAL lactobacillus fermentum: lower digestive tract Homo sapiens
<http://github.com/callahantiff/PheKnowLator/pkt/eca72454348201abaf78a07672158890>,CONTEXTUAL bifidobacterium: lower digestive tract Mus musculus
<http://github.com/callahantiff/PheKnowLator/pkt/e4730c2462df1b009f0b3f5e225d9353>,CONTEXTUAL bacteroides thetaiotaomicron vpi-5482: lower digestive tract Mus musculus
<http://github.com/callahantiff/PheKnowLator/pkt/ec3547c9ea51cecf75b9cd31e797e2f0>,CONTEXTUAL prevotella copri: lower digestive tract Mus musculus
<http://github.com/callahantiff/PheKnowLator/pkt/82e943c095fc6aadf9c4a3adacf826af>,CONTEXTUAL bilophila: lower digestive tract Homo sapiens
<http://github.com/callahantiff/PheKnowLator/pkt/ec9d79fc7e0f5b3f388ae8faec8feb94>,CONTEXTUAL eubacterium hallii dsm 17630: lower digestive tract Mus musculus
<http://github.com/callahantiff/PheKnowLator/pkt/4ec03c48abc3fc5b7b5b2b33b6fb0409>,CONTEXTUAL escherichia coli m-17: lower digestive tract Mus musculus
<http://github.com/callahantiff/PheKnowLator/pkt/62d95ed7007d05a3bb6ae41c0e6f7f9d>,CONTEXTUAL megasphaera: lower digestive tract Homo sapiens
<http://github.com/callahantiff/PheKnowLator/pkt/279a1c82592fdbc9acf26369a3cf4fac>,CONTEXTUAL adlercreutzia equolifaciens jcm 14793: lower digestive tract Homo sapiens
<http://github.com/callahantiff/PheKnowLator/pkt/799b96cc696c958285f2911bf4d6d3c1>,CONTEXTUAL klebsiella: lower digestive tract Mus musculus
<http://github.com/callahantiff/PheKnowLator/pkt/50d7280bc6fd402d60266091172f64d8>,CONTEXTUAL clostridium iv: lower digestive tract Mus musculus
<http://github.com/callahantiff/PheKnowLator/pkt/50198aacb39bb667df98f67d88d3bc24>,CONTEXTUAL lactobacillus rhamnosus ls-8: lower digestive tract Mus musculus
<http://github.com/callahantiff/PheKnowLator/pkt/e052cb040d370bb18427c06607802989>,CONTEXTUAL christensenella minuta yit 12065t: lower digestive tract Homo sapiens
<http://github.com/callahantiff/PheKnowLator/pkt/7a356763b2291d4a049b53835c75ee6c>,CONTEXTUAL phascolarctobacterium succinatutens yit 12068t: lower digestive tract Homo sapiens
<http://github.com/callahantiff/PheKnowLator/pkt/232557ae8275948d366833f774958b13>,CONTEXTUAL streptococcus salivarius k12: lower digestive tract Homo sapiens
<http://github.com/callahantiff/PheKnowLator/pkt/a797c66e0a68bb0868e91c350af036a6>,CONTEXTUAL escherichia sp. 4: lower digestive tract Homo sapiens
<http://github.com/callahantiff/PheKnowLator/pkt/8e94eba900da1fa67005e88863f57adb>,CONTEXTUAL dysgonomonas: lower digestive tract Homo sapiens
<http://github.com/callahantiff/PheKnowLator/pkt/d7dc48b7df53770e5704b03cdf47bb33>,CONTEXTUAL escherichia coli atcc 44102: lower digestive tract Mus musculus
<http://github.com/callahantiff/PheKnowLator/pkt/101bc5bb2ab1749217b7bffb8d602d7d>,CONTEXTUAL blautia hydrogenotrophica: lower digestive tract Mus musculus
<http://github.com/callahantiff/PheKnowLator/pkt/6afe0c290ebe378722d8fe77e6d0b881>,CONTEXTUAL ruminococcus sp.: lower digestive tract Mus musculus
<http://github.com/callahantiff/PheKnowLator/pkt/25010d7b352135b0ba7d0c4ca424ed75>,CONTEXTUAL penicillium mallochii cch01: lower digestive tract Mus musculus
<http://github.com/callahantiff/PheKnowLator/pkt/4383966802ee290b9f4b95350116d50d>,CONTEXTUAL desulfosporosinus sp.: lower digestive tract Mus musculus
<http://github.com/callahantiff/PheKnowLator/pkt/86a9c98a3c0b76b318295cce19d5a3ff>,CONTEXTUAL lactobacillus acidophilus atcc 4357: lower digestive tract Homo sapiens
<http://github.com/callahantiff/PheKnowLator/pkt/66322e26e242d5d1a90a586b371ced6f>,CONTEXTUAL enterococcus faecalis: lower digestive tract Homo sapiens
<http://github.com/callahantiff/PheKnowLator/pkt/910ca71e327ea66b4b9a0c949656cb6b>,CONTEXTUAL bifidobacterium longum mb 207: lower digestive tract Homo sapiens
<http://github.com/callahantiff/PheKnowLator/pkt/9b25ed51fe04aa8ddf333e9b7df20491>,CONTEXTUAL flavonifractor plautii: lower digestive tract Homo sapiens
<http://github.com/callahantiff/PheKnowLator/pkt/0a9de3dd1282c441a69f5f388b75999a>,CONTEXTUAL escherichia coli ecn: lower digestive tract Homo sapiens
<http://github.com/callahantiff/PheKnowLator/pkt/5115235688d5533cdda567d6e310084e>,CONTEXTUAL clostridium: lower digestive tract Mus musculus
<http://github.com/callahantiff/PheKnowLator/pkt/8b970ba9f780921b8378c1992164a24b>,CONTEXTUAL slackia faecicanis sp.ccug 48399: lower digestive tract Homo sapiens
<http://github.com/callahantiff/PheKnowLator/pkt/99ce48195e174712320eaa85989e5980>,CONTEXTUAL ruminococcus torques: lower digestive tract Mus musculus
<http://github.com/callahantiff/PheKnowLator/pkt/52a3d8f57bb744a2c59d16676fd14f0e>,CONTEXTUAL microbacterium: lower digestive tract Homo sapiens
<http://github.com/callahantiff/PheKnowLator/pkt/4744e84427bb0afc9019b3bb08299f6d>,CONTEXTUAL lactococcus lactis: lower digestive tract Mus musculus
<http://github.com/callahantiff/PheKnowLator/pkt/a5e5ecbcc76ff829afebf94e66428439>,CONTEXTUAL citrobacter freundii atcc 8090 = mtcc 1658 = nbrc 12681: lower digestive tract Homo sapiens
<http://github.com/callahantiff/PheKnowLator/pkt/d5f262670440852c054d469c4a9ae321>,CONTEXTUAL pseudomonas aeruginosa: lower digestive tract Mus musculus
<http://github.com/callahantiff/PheKnowLator/pkt/bbf1413c2002a941d81e8b326db1c163>,CONTEXTUAL helicobacter pylori: lower digestive tract Mus musculus
<http://github.com/callahantiff/PheKnowLator/pkt/5f89fcdb8d455919400d55c330cf1d64>,CONTEXTUAL clostridium sp. hgh6: lower digestive tract Homo sapiens
<http://github.com/callahantiff/PheKnowLator/pkt/3224d8e72ce1b5281a4e5cacc37c1027>,CONTEXTUAL lachnospiraceae: lower digestive tract Homo sapiens
<http://github.com/callahantiff/PheKnowLator/pkt/dee481123e4a78f7e00305304b64b388>,CONTEXTUAL acidaminobacter: lower digestive tract Homo sapiens
<http://github.com/callahantiff/PheKnowLator/pkt/c126224ab52378d4237402fb2707c081>,CONTEXTUAL bacteroides fragilis dife-05: lower digestive tract Homo sapiens
<http://github.com/callahantiff/PheKnowLator/pkt/15a9a0a9194147de41ff80188482918a>,CONTEXTUAL slackia equolifaciens: lower digestive tract Homo sapiens
<http://github.com/callahantiff/PheKnowLator/pkt/8d48b02b61c7692e90a54f174b34ba47>,CONTEXTUAL megamonas rupellenesis mag1b: lower digestive tract Mus musculus
<http://github.com/callahantiff/PheKnowLator/pkt/89315e84bb22e1dcafb48b33f34769be>,CONTEXTUAL haemophilus parainfluenzae: lower digestive tract Homo sapiens
<http://github.com/callahantiff/PheKnowLator/pkt/bd9e4cc469a4a262461cff91057056cb>,CONTEXTUAL bacteroides fragilis: lower digestive tract Homo sapiens
<http://github.com/callahantiff/PheKnowLator/pkt/3e425f35138fd9c2f42efce31d8d75a6>,CONTEXTUAL veillonella sp. ep: lower digestive tract Homo sapiens
<http://github.com/callahantiff/PheKnowLator/pkt/8ce8ce0f4a595c841bf08c2c9992dc6d>,CONTEXTUAL bifidobacterium lactis mb 238: lower digestive tract Homo sapiens
<http://github.com/callahantiff/PheKnowLator/pkt/c34508969df44c3f1b1a0f7e7de1bcf6>,CONTEXTUAL clostridioides difficile 630: lower digestive tract Homo sapiens
<http://github.com/callahantiff/PheKnowLator/pkt/4ae574bf98c2526c070bf03657b1b250>,CONTEXTUAL enterococcus durans ep1: lower digestive tract Homo sapiens
<http://github.com/callahantiff/PheKnowLator/pkt/2110b061543749857ec664c2d3a79540>,CONTEXTUAL bacteroides sp. mang: lower digestive tract Homo sapiens
<http://github.com/callahantiff/PheKnowLator/pkt/4196c5115ce26559bcc1dc8c09ff6677>,CONTEXTUAL slackia isoflavoniconvertens: lower digestive tract Homo sapiens
<http://github.com/callahantiff/PheKnowLator/pkt/0dca0e59a1369492d3ba007e6ff50b0a>,CONTEXTUAL clostridioides difficile r20291: lower digestive tract Homo sapiens
<http://github.com/callahantiff/PheKnowLator/pkt/4bf80dc7074ed6d130e15a1d813ce43f>,CONTEXTUAL roseburia inulinivorans a2–194(f): lower digestive tract Homo sapiens
<http://github.com/callahantiff/PheKnowLator/pkt/ad55c93fbe5a1ff17967b39f18b9e23a>,CONTEXTUAL bififidobacterium thetaiotaomicron atcc 29148: lower digestive tract Mus musculus
<http://github.com/callahantiff/PheKnowLator/pkt/93ffb695e5f49b4d9a6b47f8ff0d000c>,CONTEXTUAL salmonella enterica tam 6421: lower digestive tract Mus musculus
<http://github.com/callahantiff/PheKnowLator/pkt/f39e059a53992c190f81cb1807b0e024>,CONTEXTUAL clostridium butyricum cgmcc 9831: lower digestive tract Mus musculus
<http://github.com/callahantiff/PheKnowLator/pkt/9a53a04d2a4b8a3ae627e376e8f34bea>,CONTEXTUAL lactobacillus plantarum 299v: lower digestive tract Homo sapiens
<http://github.com/callahantiff/PheKnowLator/pkt/2136d2b8fcdd274eae3dea7cde25b86e>,CONTEXTUAL bacteroides thetaiotaomicron: lower digestive tract Homo sapiens
<http://github.com/callahantiff/PheKnowLator/pkt/51985bf964ecb0f75f902521d5b18397>,CONTEXTUAL akkermansia muciniphila atcc baa-2869: lower digestive tract Mus musculus
<http://github.com/callahantiff/PheKnowLator/pkt/c6ff50da1384f67a15e2507e9119bbfa>,CONTEXTUAL butyricicoccus pullicaecorum: lower digestive tract Homo sapiens
<http://github.com/callahantiff/PheKnowLator/pkt/f2517776624c29621084ac02b495ea74>,CONTEXTUAL bacteroides thetaiotaomicron atcc 29148d-5: lower digestive tract Mus musculus
<http://github.com/callahantiff/PheKnowLator/pkt/ee965b6f8e73891aded1ddf19f5326a9>,CONTEXTUAL clostridium asparagiforme dsm 15981: lower digestive tract Homo sapiens
<http://github.com/callahantiff/PheKnowLator/pkt/c32bd944cfb4599e5f2dc038548dbb17>,CONTEXTUAL oscillospira: lower digestive tract Homo sapiens
<http://github.com/callahantiff/PheKnowLator/pkt/602155d913900f107c3205f0faf8ac53>,CONTEXTUAL lactobacillus plantarum l9: lower digestive tract Homo sapiens
<http://github.com/callahantiff/PheKnowLator/pkt/dd24e175e0dff711a8771a1699438fdd>,CONTEXTUAL firmicutes: lower digestive tract Mus musculus
<http://github.com/callahantiff/PheKnowLator/pkt/c7510a8dd86c5b9ec84135a87cc0e577>,CONTEXTUAL fusobacterium varium: lower digestive tract Mus musculus
<http://github.com/callahantiff/PheKnowLator/pkt/62ad0508e96708a11a7cc3f96a913aa4>,CONTEXTUAL tritrichomonas: lower digestive tract Mus musculus
<http://github.com/callahantiff/PheKnowLator/pkt/3b211527e0a1fc7f654a4d2082c7d167>,CONTEXTUAL eubacterium rectale dsm 17629: lower digestive tract Mus musculus
<http://github.com/callahantiff/PheKnowLator/pkt/e68cc65f624c766707d72362c09367b4>,CONTEXTUAL flavonifractor plautii mt42: lower digestive tract Mus musculus
<http://github.com/callahantiff/PheKnowLator/pkt/2ea51731a3f4158bee89944f1a01a6f7>,CONTEXTUAL lactiplantibacillus plantarum: lower digestive tract Homo sapiens
<http://github.com/callahantiff/PheKnowLator/pkt/a0b3a0a44b79c2dfafd2d7ff41ef0111>,CONTEXTUAL flavonifractor plautii mt42: lower digestive tract Homo sapiens
<http://github.com/callahantiff/PheKnowLator/pkt/976bcffe8a3cd839e7604900c1fcb83e>,CONTEXTUAL clostridium cadaveris cc40 001c: lower digestive tract Homo sapiens
<http://github.com/callahantiff/PheKnowLator/pkt/60a81839b943ecb753b0635464223dbf>,CONTEXTUAL escherichia sp. 12: lower digestive tract Homo sapiens
<http://github.com/callahantiff/PheKnowLator/pkt/3459864edb8610e4cff09a00d90420fa>,CONTEXTUAL enterococcus durans ep1: lower digestive tract Mus musculus
<http://github.com/callahantiff/PheKnowLator/pkt/be623707eada181965badb95e2a38827>,CONTEXTUAL cronobacter sakazakii: lower digestive tract Homo sapiens
<http://github.com/callahantiff/PheKnowLator/pkt/535eb88fa5f2b2159d1d11372487d62e>,CONTEXTUAL butyricimonas synergistica mt01(t): lower digestive tract Homo sapiens
<http://github.com/callahantiff/PheKnowLator/pkt/1caac7b3a30754d6d44f143865803d34>,CONTEXTUAL eggerthella lenta rk3: lower digestive tract Homo sapiens
<http://github.com/callahantiff/PheKnowLator/pkt/d774b7fd95be89003ae3f45bcd3266ef>,CONTEXTUAL bifidobacterium sp. lkm10070: lower digestive tract Mus musculus
<http://github.com/callahantiff/PheKnowLator/pkt/1c748e79f4bfd4f05e7dc8bc9528d4cc>,CONTEXTUAL bifidobacterium adolescentis b7304: lower digestive tract Homo sapiens
<http://github.com/callahantiff/PheKnowLator/pkt/edcb9a4bf64544125eaee050daa68966>,CONTEXTUAL salmonella: lower digestive tract Homo sapiens
<http://github.com/callahantiff/PheKnowLator/pkt/bc408b3bb8b1bd85e1fc43a8a9b52bc6>,CONTEXTUAL bacteroides uniformis: lower digestive tract Homo sapiens
<http://github.com/callahantiff/PheKnowLator/pkt/c90c8bf19ae4f655bd0acf3ea889c708>,CONTEXTUAL bifidobacterium breve mb 235: lower digestive tract Homo sapiens
<http://github.com/callahantiff/PheKnowLator/pkt/55295a4747376fb6c8637fe3d578d433>,CONTEXTUAL parabacteroides sp. hgs0025: lower digestive tract Mus musculus
<http://github.com/callahantiff/PheKnowLator/pkt/35638883a587988ba9d18f8cdab6ab12>,CONTEXTUAL pseudomonas fragi: lower digestive tract Homo sapiens
<http://github.com/callahantiff/PheKnowLator/pkt/b13d1f057cf80fb7a0fa053d4fb878c4>,CONTEXTUAL bifidobacterium catenulatum b7377: lower digestive tract Homo sapiens
<http://github.com/callahantiff/PheKnowLator/pkt/4f957b3794769cc73fce59011ce3faed>,CONTEXTUAL peptostreptococcus anaerobius cc14n: lower digestive tract Homo sapiens
<http://github.com/callahantiff/PheKnowLator/pkt/993dcf54b30c6098ae8f43d6fa9a85fa>,CONTEXTUAL ruminococcaceae: lower digestive tract Homo sapiens
<http://github.com/callahantiff/PheKnowLator/pkt/60fa6b54f1757d163bcba2e428be9d51>,CONTEXTUAL clostridium sporogenes: lower digestive tract Mus musculus
<http://github.com/callahantiff/PheKnowLator/pkt/69c3ecc6299066aa18f93761ed81b13c>,CONTEXTUAL phocaeicola vulgatus: lower digestive tract Mus musculus
<http://github.com/callahantiff/PheKnowLator/pkt/948c6ddda5248063e0d81be3f314383f>,CONTEXTUAL phascolarctobacterium: lower digestive tract Homo sapiens
<http://github.com/callahantiff/PheKnowLator/pkt/796548cae6cbe381828293220ecfd8a9>,CONTEXTUAL adlercreutzia equolifaciens: lower digestive tract Homo sapiens
<http://github.com/callahantiff/PheKnowLator/pkt/789ce9a46a56111810b192bea28adb68>,CONTEXTUAL parabacteroides distasonis: lower digestive tract Mus musculus
<http://github.com/callahantiff/PheKnowLator/pkt/308835dbc63b1f6a676e844c8ba0e73b>,CONTEXTUAL escherichia: lower digestive tract Homo sapiens
<http://github.com/callahantiff/PheKnowLator/pkt/7c5b04c045805b6d6ec445df8985dec2>,CONTEXTUAL phascolarctobacterium succinatutens yit 12067t: lower digestive tract Homo sapiens
<http://github.com/callahantiff/PheKnowLator/pkt/772b62c60b12290a491dad0085c5f265>,CONTEXTUAL saccharomyces cerevisiae: lower digestive tract Mus musculus
<http://github.com/callahantiff/PheKnowLator/pkt/1cce26eee6a961f6d9edcc627e774c13>,CONTEXTUAL succinivibrio dextrinosolvens: lower digestive tract Homo sapiens
<http://github.com/callahantiff/PheKnowLator/pkt/ecac50c092483073caf12b672565bdf9>,CONTEXTUAL butyricicoccus pullicaecorum: lower digestive tract Mus musculus
<http://github.com/callahantiff/PheKnowLator/pkt/1bbd0e39ce5bca641b4a9542e63f8493>,CONTEXTUAL anaerotignum propionicum dsm 1682: lower digestive tract Mus musculus
<http://github.com/callahantiff/PheKnowLator/pkt/504d101b1148fa823a52ee477ddd478d>,CONTEXTUAL clostridium sp.: lower digestive tract Homo sapiens
<http://github.com/callahantiff/PheKnowLator/pkt/b503a5919684affae6765fc4b260e722>,CONTEXTUAL eubacterium hallii: lower digestive tract Mus musculus
<http://github.com/callahantiff/PheKnowLator/pkt/086d88e1fb6cacc26d131b0522674d7c>,CONTEXTUAL megasphaera sp.: lower digestive tract Mus musculus
<http://github.com/callahantiff/PheKnowLator/pkt/b14fb0ea0057627eb35e420d06af995b>,CONTEXTUAL eubacterium: lower digestive tract Mus musculus
<http://github.com/callahantiff/PheKnowLator/pkt/7aed29ae494f6674c075c5c5df00f64b>,CONTEXTUAL clostridium sporogenes atcc 15579: lower digestive tract Mus musculus
<http://github.com/callahantiff/PheKnowLator/pkt/2327a7507ca74ccd93927284bca33090>,CONTEXTUAL eubacterium sp. a-44: lower digestive tract Homo sapiens
<http://github.com/callahantiff/PheKnowLator/pkt/cd96be93c85e5992183fc3a003483f7b>,CONTEXTUAL lacticaseibacillus paracasei: lower digestive tract Mus musculus
<http://github.com/callahantiff/PheKnowLator/pkt/bdf0bdbce5f0d936e26972aae92cef71>,CONTEXTUAL succinatimonas hippei yit 12066(t): lower digestive tract Homo sapiens
<http://github.com/callahantiff/PheKnowLator/pkt/c7538d2bcb21b4191ef075d3cdf6f288>,CONTEXTUAL do03: lower digestive tract Mus musculus
<http://github.com/callahantiff/PheKnowLator/pkt/cd4b18c5df844b8e7491e267918c014e>,CONTEXTUAL bifidobacterium adolescentis: lower digestive tract Homo sapiens
<http://github.com/callahantiff/PheKnowLator/pkt/0f18c2d6d3c0a35affc0c713c0780c46>,CONTEXTUAL faecalitalea cylindroides t2-87: lower digestive tract Mus musculus
<http://github.com/callahantiff/PheKnowLator/pkt/0b21ff984345931f34f321bcb4b23316>,CONTEXTUAL veillonella sp. 32: lower digestive tract Homo sapiens
<http://github.com/callahantiff/PheKnowLator/pkt/ee54416a13aa7b0bfcae4a91d7c0ed21>,CONTEXTUAL eggerthella sp. yy7918: lower digestive tract Homo sapiens
<http://github.com/callahantiff/PheKnowLator/pkt/88ebb0c2dd2a3b96850d24aa94d2dae1>,CONTEXTUAL bifidobacterium bifidum: lower digestive tract Homo sapiens
<http://github.com/callahantiff/PheKnowLator/pkt/f28ba7526bd99d15f0bfd60104ca4d61>,CONTEXTUAL faecalibacterium prausnitzii atcc 27766: lower digestive tract Homo sapiens
<http://github.com/callahantiff/PheKnowLator/pkt/e924e24e75729c9506cf4ab05327fb9e>,CONTEXTUAL tenericutes: lower digestive tract Homo sapiens
<http://github.com/callahantiff/PheKnowLator/pkt/fe67e953f9f15f1f935826a40b460c7f>,CONTEXTUAL salmonella enterica: lower digestive tract Homo sapiens
<http://github.com/callahantiff/PheKnowLator/pkt/b15b62a157198e31cf2f04946398be3a>,CONTEXTUAL marvinbryantia formatexigens: lower digestive tract Homo sapiens
<http://github.com/callahantiff/PheKnowLator/pkt/1e70f9972487ac7fb806db46e05091dc>,CONTEXTUAL dialister succinatiphilus yit 11850: lower digestive tract Homo sapiens
<http://github.com/callahantiff/PheKnowLator/pkt/ad6674de3f7ada114e8ffde2451b7668>,CONTEXTUAL bifidobacterium animalis: lower digestive tract Homo sapiens
<http://github.com/callahantiff/PheKnowLator/pkt/f8ec814adac943d0d7cdb5c5e8c3446b>,CONTEXTUAL lactobacillus plantarum mb452: lower digestive tract Homo sapiens
<http://github.com/callahantiff/PheKnowLator/pkt/a2566a420559f46629d258a95068d6a5>,CONTEXTUAL bifidobacterium breve mb 234: lower digestive tract Homo sapiens
<http://github.com/callahantiff/PheKnowLator/pkt/2ebb5d486c9bf7e2386ec9fced7a069a>,CONTEXTUAL porphyromonadaceae: lower digestive tract Mus musculus
<http://github.com/callahantiff/PheKnowLator/pkt/b7df54e03c8be13f376d7918616e48eb>,CONTEXTUAL peptoniphilus indolicus: lower digestive tract Mus musculus
<http://github.com/callahantiff/PheKnowLator/pkt/50b71abbafbb1d15bbaef003ec29968f>,CONTEXTUAL roseburia: lower digestive tract Homo sapiens
<http://github.com/callahantiff/PheKnowLator/pkt/4bdb35625029778ab3588593a7187358>,CONTEXTUAL enterococcus faecalis: lower digestive tract Mus musculus
<http://github.com/callahantiff/PheKnowLator/pkt/0bc9c87ab7c3a6e5bbe9006512ac9101>,CONTEXTUAL bifidobacterium longum mb 219: lower digestive tract Homo sapiens
<http://github.com/callahantiff/PheKnowLator/pkt/97e25d81824a9d881333be57de02ac8b>,CONTEXTUAL clostridium botulinum: lower digestive tract Mus musculus
<http://github.com/callahantiff/PheKnowLator/pkt/210e2854b4384662b43a97ba1dfc3cbd>,CONTEXTUAL kocuria rhizophila: lower digestive tract Homo sapiens
<http://github.com/callahantiff/PheKnowLator/pkt/ab75a585ea871b35a35c4302622d9b01>,CONTEXTUAL pseudomonas aeruginosa atcc 9027: lower digestive tract Mus musculus
<http://github.com/callahantiff/PheKnowLator/pkt/ab5bd91cb95bc2cb504ee062539390ff>,CONTEXTUAL bacteroides thetaiotaomicron: lower digestive tract Mus musculus
<http://github.com/callahantiff/PheKnowLator/pkt/5d2f882878f377593f842729fcfc890e>,CONTEXTUAL enterococcus sp. 45: lower digestive tract Homo sapiens
<http://github.com/callahantiff/PheKnowLator/pkt/3443fa4443ad174fc549b28938cc790f>,CONTEXTUAL acidipropionibacterium acidipropionici atcc 4875: lower digestive tract Homo sapiens
<http://github.com/callahantiff/PheKnowLator/pkt/206f4fd36b862fd033bab61e94547df7>,CONTEXTUAL bacteroides stercoris hj-15: lower digestive tract Homo sapiens
<http://github.com/callahantiff/PheKnowLator/pkt/72c737bf4846d8088369733ab5ef716d>,CONTEXTUAL streptococcus intermedius: lower digestive tract Homo sapiens
<http://github.com/callahantiff/PheKnowLator/pkt/63b0a5a329b72c67d847fa18750e8e12>,CONTEXTUAL collinsella tanakaei yit 12063(t): lower digestive tract Homo sapiens
<http://github.com/callahantiff/PheKnowLator/pkt/4f9e3c2761a47573eab2c4a0eb07c849>,CONTEXTUAL dermacoccus: lower digestive tract Homo sapiens
<http://github.com/callahantiff/PheKnowLator/pkt/1e717f41cad8d844051d4a6ff4bd76cd>,CONTEXTUAL adlercreutzia equolifaciens jcm 14793: lower digestive tract Mus musculus
<http://github.com/callahantiff/PheKnowLator/pkt/c1bc9717a3ee63c5cf92e188ffb85e24>,CONTEXTUAL faecalibacterium prausnitzii m21/2: lower digestive tract Mus musculus
<http://github.com/callahantiff/PheKnowLator/pkt/155c49d9404a3340747b027df5bf4de9>,CONTEXTUAL alistipes indistinctus yit 12060: lower digestive tract Homo sapiens
<http://github.com/callahantiff/PheKnowLator/pkt/d3e2aa09903010abb1a96b69aca16c2f>,CONTEXTUAL lactobacillus plantarum ifpl935: lower digestive tract Homo sapiens
<http://github.com/callahantiff/PheKnowLator/pkt/56c6e10dc9cf63475d6894a83cd89f20>,CONTEXTUAL lactococcus lactis subsp. cremoris mg1363: lower digestive tract Mus musculus
<http://github.com/callahantiff/PheKnowLator/pkt/8aba4fb160f05f68bf486654b4cdf76a>,CONTEXTUAL dialister succinatiphilus yit 11850: lower digestive tract Mus musculus
<http://github.com/callahantiff/PheKnowLator/pkt/d145e62b0271543193f04e1f62f90730>,CONTEXTUAL bifidobacterium animalis subsp. lactis bb-12: lower digestive tract Homo sapiens
<http://github.com/callahantiff/PheKnowLator/pkt/5cfce6b4f564dd8f99d28afc627603f6>,CONTEXTUAL akkermansia muciniphila muc(t): lower digestive tract Mus musculus
<http://github.com/callahantiff/PheKnowLator/pkt/6a9d4b5f7fe17e7123aa1ad3642e714a>,CONTEXTUAL atopobium parvulum: lower digestive tract Homo sapiens
<http://github.com/callahantiff/PheKnowLator/pkt/767fdf6eb4f2bd55acf00fade5710315>,CONTEXTUAL bifidobacterium infantis mb 208: lower digestive tract Homo sapiens
<http://github.com/callahantiff/PheKnowLator/pkt/183b515ec1e73afbc98810c456499db2>,CONTEXTUAL faecalibacterium prausnitzii htf-f: lower digestive tract Homo sapiens
<http://github.com/callahantiff/PheKnowLator/pkt/37e7fed770fff8833e2e09cfaed5d7d8>,CONTEXTUAL ruminococcus torques l2-14: lower digestive tract Mus musculus
<http://github.com/callahantiff/PheKnowLator/pkt/5ebe4f0f484d99c11693e97b37d9f6c8>,CONTEXTUAL lactobacillus reuteri: lower digestive tract Mus musculus
<http://github.com/callahantiff/PheKnowLator/pkt/3a5b06d9b809a8cd0051e706b5566e41>,CONTEXTUAL candidatus arthromitus: lower digestive tract Homo sapiens
<http://github.com/callahantiff/PheKnowLator/pkt/f55ddfb493eb21628a883fcdcae3b3d2>,CONTEXTUAL human intestinal bacterium snu-julong732: lower digestive tract Mus musculus
<http://github.com/callahantiff/PheKnowLator/pkt/b9629efaf485f979afd3262be549318b>,CONTEXTUAL clostridium asparagiforme dsm 15981: lower digestive tract Mus musculus
<http://github.com/callahantiff/PheKnowLator/pkt/516cdbc2c9a9d207b00c07bfaf1ce565>,CONTEXTUAL bacillus sp. 52: lower digestive tract Homo sapiens
<http://github.com/callahantiff/PheKnowLator/pkt/db26aa2298f28beeb6c9e866687e313b>,CONTEXTUAL faecalibacterium prausnitzii s3l/3: lower digestive tract Mus musculus
<http://github.com/callahantiff/PheKnowLator/pkt/6d2f427c22fa495d833f3561ded8723b>,CONTEXTUAL parabacteroides distasonis dsm 20701t: lower digestive tract Homo sapiens
<http://github.com/callahantiff/PheKnowLator/pkt/2479e0b76e8044bc2da5aa9f3f3bd03a>,CONTEXTUAL lactobacillus plantarum aca-dc 287: lower digestive tract Homo sapiens
<http://github.com/callahantiff/PheKnowLator/pkt/7f33009260cd4f5ce9cd220410381ed8>,CONTEXTUAL saccharomyces cerevisiae: lower digestive tract Homo sapiens
<http://github.com/callahantiff/PheKnowLator/pkt/daf73e01606b2855734f5290966c2bf5>,CONTEXTUAL lacticaseibacillus paracasei: lower digestive tract Homo sapiens
<http://github.com/callahantiff/PheKnowLator/pkt/af9223531f7f2ccf1218522bcbec65d1>,CONTEXTUAL adlercreutzia equolifaciens fjc-a161: lower digestive tract Homo sapiens
<http://github.com/callahantiff/PheKnowLator/pkt/6acfea80a8a88703b646fe395c0bd4d9>,CONTEXTUAL bifidobacterium pseudocatenulatum wc 0408: lower digestive tract Homo sapiens
<http://github.com/callahantiff/PheKnowLator/pkt/3c3d5af542e6fdf5e3b583fc912330d3>,CONTEXTUAL eggerthella lenta jcm 9979t: lower digestive tract Homo sapiens
<http://github.com/callahantiff/PheKnowLator/pkt/375a95b97b4cbd105c8aa54260415007>,CONTEXTUAL lactobacillus acidophilus atcc 4356: lower digestive tract Mus musculus
<http://github.com/callahantiff/PheKnowLator/pkt/1d1c0102f244992c7cbf2d4b145a8a6e>,CONTEXTUAL escherichia coli bw25113 pbelobac: lower digestive tract Homo sapiens
<http://github.com/callahantiff/PheKnowLator/pkt/baeea16de73d880db6a348467973f25e>,CONTEXTUAL phocaeicola massiliensis: lower digestive tract Mus musculus
<http://github.com/callahantiff/PheKnowLator/pkt/fd0a6ed3b36aad7d5c631764041f6d62>,CONTEXTUAL dictyostelium discoideum: lower digestive tract Homo sapiens
<http://github.com/callahantiff/PheKnowLator/pkt/31496183fe5e568be1aea1c13130232d>,CONTEXTUAL eubacterium dolichum: lower digestive tract Homo sapiens
<http://github.com/callahantiff/PheKnowLator/pkt/b778aad75da1e26210e4d98d93a65d4b>,CONTEXTUAL ruminococcus: lower digestive tract Mus musculus
<http://github.com/callahantiff/PheKnowLator/pkt/902a66c2c053099687fa94d714633a2a>,CONTEXTUAL escherichia coli ecor63: lower digestive tract Homo sapiens
<http://github.com/callahantiff/PheKnowLator/pkt/acff3954ac145d10902a80dc06aab25f>,CONTEXTUAL escherichia coli bw25113: lower digestive tract Homo sapiens
<http://github.com/callahantiff/PheKnowLator/pkt/513b3b226655847eea308f630766eb7c>,CONTEXTUAL bacterium mrg-ifc-1: lower digestive tract Homo sapiens
<http://github.com/callahantiff/PheKnowLator/pkt/eea781bca216c0a459a6d8001e05de8f>,CONTEXTUAL eubacterium limosum atcc 8486: lower digestive tract Homo sapiens
<http://github.com/callahantiff/PheKnowLator/pkt/5ad02be62c1ce4f86540fe81a855bf4c>,CONTEXTUAL escherichia fergusonii atcc 35469: lower digestive tract Mus musculus
<http://github.com/callahantiff/PheKnowLator/pkt/ede86de9f0029b9ff2080b5f8f9ad9e4>,CONTEXTUAL enterococcus faecalis og1rf: lower digestive tract Homo sapiens
<http://github.com/callahantiff/PheKnowLator/pkt/9990825f9f4471375f2e66a290e63838>,CONTEXTUAL oscillibacter: lower digestive tract Mus musculus
<http://github.com/callahantiff/PheKnowLator/pkt/a0985897d1c7f5f77735dca1a1609418>,CONTEXTUAL carnobacterium: lower digestive tract Homo sapiens
<http://github.com/callahantiff/PheKnowLator/pkt/c344ff56369f4101548c83d8278e7bd3>,CONTEXTUAL providencia rettgeri dsm 1131: lower digestive tract Mus musculus
<http://github.com/callahantiff/PheKnowLator/pkt/c6f9fad1e3f226bca0e3390eb0f79026>,CONTEXTUAL ruminococcus bromii: lower digestive tract Mus musculus
<http://github.com/callahantiff/PheKnowLator/pkt/4b58e24b43ac6284d166c2d8f1669efd>,CONTEXTUAL megasphaera elsdenii dsm 20460: lower digestive tract Mus musculus
<http://github.com/callahantiff/PheKnowLator/pkt/45bf8d74657d55b4843306d559d1ac33>,CONTEXTUAL enterococcus faecalis og1rf: lower digestive tract Mus musculus
<http://github.com/callahantiff/PheKnowLator/pkt/ecdebdd41f3ef0b8bde096e59fb7637c>,CONTEXTUAL actinobacteria: lower digestive tract Mus musculus
<http://github.com/callahantiff/PheKnowLator/pkt/d7705d012a6311b2a168d3ed03538091>,CONTEXTUAL escherichia coli jw5619: lower digestive tract Mus musculus
<http://github.com/callahantiff/PheKnowLator/pkt/72b833544a9794b2733ccdec95408e7f>,CONTEXTUAL butyricimonas virosa mt12(t): lower digestive tract Homo sapiens
<http://github.com/callahantiff/PheKnowLator/pkt/f64d605e9f7c4fe6f0e66e1817db414c>,CONTEXTUAL bacteroides fragilis ych46: lower digestive tract Mus musculus
<http://github.com/callahantiff/PheKnowLator/pkt/6180b8f0dbe3422563834580a847a121>,CONTEXTUAL blautia: lower digestive tract Mus musculus
<http://github.com/callahantiff/PheKnowLator/pkt/a84605a0972dc8ea9797b73cfda26f98>,CONTEXTUAL enterococcus avium efel009: lower digestive tract Homo sapiens
<http://github.com/callahantiff/PheKnowLator/pkt/d9ed43f7c726463bbdd99af4496ccb1b>,CONTEXTUAL lactobacillus reuteri d8: lower digestive tract Mus musculus
<http://github.com/callahantiff/PheKnowLator/pkt/3e578e5bdeb0ad46bf09d2e24f07b39a>,CONTEXTUAL fusobacteriia: lower digestive tract Homo sapiens
<http://github.com/callahantiff/PheKnowLator/pkt/d9afa1d3807e65d00fe69dd7d6c42e4b>,CONTEXTUAL streptococcus salivarius: lower digestive tract Homo sapiens
<http://github.com/callahantiff/PheKnowLator/pkt/3d80fba4f4c9259223dd13cf183a3bf1>,CONTEXTUAL bacteroides sp.: lower digestive tract Mus musculus
<http://github.com/callahantiff/PheKnowLator/pkt/91568e88fe1083d7004c0808fb5c8b94>,CONTEXTUAL bacteroides eggerthii dsm 20697: lower digestive tract Mus musculus
<http://github.com/callahantiff/PheKnowLator/pkt/b585f71958505b90add7894d9ce3e992>,CONTEXTUAL clostridium butyricum cgmcc0313.1: lower digestive tract Mus musculus
<http://github.com/callahantiff/PheKnowLator/pkt/d13472e6d42dc9a8cff0b7d936b89874>,CONTEXTUAL clostridium pasteurianum: lower digestive tract Homo sapiens
<http://github.com/callahantiff/PheKnowLator/pkt/ba7a30240078b61167727881cc2ff8c4>,CONTEXTUAL adlercreutzia equolifaciens fjc-d53: lower digestive tract Homo sapiens
<http://github.com/callahantiff/PheKnowLator/pkt/51e6298461c421ace3bf80557af599a2>,CONTEXTUAL escherichia sp. 33: lower digestive tract Homo sapiens
<http://github.com/callahantiff/PheKnowLator/pkt/f0c533be558087f5ff58c3dfcb8d64f8>,CONTEXTUAL slackia sp. natts: lower digestive tract Homo sapiens
<http://github.com/callahantiff/PheKnowLator/pkt/5766569bd615628ff58352cea8105a35>,CONTEXTUAL escherichia coli bacpks: lower digestive tract Homo sapiens
<http://github.com/callahantiff/PheKnowLator/pkt/dc5db0b15f09e6b2d3e0c41de0b83d4a>,CONTEXTUAL lactococcus sp. 20-92: lower digestive tract Homo sapiens
<http://github.com/callahantiff/PheKnowLator/pkt/a9874a40bcd879666574a1a57256b139>,CONTEXTUAL veillonella ratti: lower digestive tract Homo sapiens
<http://github.com/callahantiff/PheKnowLator/pkt/e69c504458ce5e9fc484b2e708f75269>,CONTEXTUAL streptococcus mutans: lower digestive tract Homo sapiens
<http://github.com/callahantiff/PheKnowLator/pkt/af5404aef6778ec18a6b4089cefc2ed7>,CONTEXTUAL paraprevotella xylaniphila yit 11841: lower digestive tract Homo sapiens
<http://github.com/callahantiff/PheKnowLator/pkt/6acf6a5490b0e96d1efbe1c7808c37a4>,CONTEXTUAL bifidobacterium longum mb 201: lower digestive tract Homo sapiens
<http://github.com/callahantiff/PheKnowLator/pkt/668e1e37bae447a8a1dd3e728d0dacba>,CONTEXTUAL bifidobacterium catenulatum subsp. kashiwanohense apckj1: lower digestive tract Homo sapiens
<http://github.com/callahantiff/PheKnowLator/pkt/7724a70565e8c8a0f69456241c44e003>,CONTEXTUAL clostridium tyrobutyricum dsm 2637 = atcc 25755 = jcm 11008: lower digestive tract Mus musculus
<http://github.com/callahantiff/PheKnowLator/pkt/dc702d58eaafc9022876ba604ab71060>,CONTEXTUAL brevibacterium avium: lower digestive tract Mus musculus
<http://github.com/callahantiff/PheKnowLator/pkt/47126b4070d93bf59a831bbcfd19cdef>,CONTEXTUAL blautia: lower digestive tract Homo sapiens
<http://github.com/callahantiff/PheKnowLator/pkt/4c06050a15486bbc2bb2e6d8b1faac3e>,CONTEXTUAL mycobacterium: lower digestive tract Mus musculus
<http://github.com/callahantiff/PheKnowLator/pkt/b8c9142599e586c5a84b6263aa52709e>,CONTEXTUAL citrobacter rodentium: lower digestive tract Mus musculus
<http://github.com/callahantiff/PheKnowLator/pkt/a6ae1dcab061f3db362bccc1edb3de74>,CONTEXTUAL akkermansia: lower digestive tract Mus musculus
<http://github.com/callahantiff/PheKnowLator/pkt/d4344f397e9b2af1cc763321a8d5f692>,CONTEXTUAL shigella: lower digestive tract Homo sapiens
<http://github.com/callahantiff/PheKnowLator/pkt/e8004855bd3d424b14563a35dee1ca4a>,CONTEXTUAL bacteroides intestinalis am-0: lower digestive tract Mus musculus
<http://github.com/callahantiff/PheKnowLator/pkt/10c67931bfdff72ee1f63f8e2f6feb62>,CONTEXTUAL bifidobacterium dentium atcc 27678: lower digestive tract Mus musculus
<http://github.com/callahantiff/PheKnowLator/pkt/af538cddb5d33d09e595f6bf64e2b996>,CONTEXTUAL akkermansia muciniphila: lower digestive tract Homo sapiens
<http://github.com/callahantiff/PheKnowLator/pkt/103352dbab065618424dd8e6b88e0514>,CONTEXTUAL eggerthella hongkongensis jcm 14552t: lower digestive tract Homo sapiens
<http://github.com/callahantiff/PheKnowLator/pkt/36abff96ecdad050e71257b76abb17c0>,CONTEXTUAL escherichia coli bw25113: lower digestive tract Mus musculus
<http://github.com/callahantiff/PheKnowLator/pkt/2ac07f589672e2e673e2391c1f14ced1>,CONTEXTUAL bacteroidaceae: lower digestive tract Mus musculus
<http://github.com/callahantiff/PheKnowLator/pkt/e458be650648e8435b94826513e36d43>,CONTEXTUAL turicibacter: lower digestive tract Homo sapiens
<http://github.com/callahantiff/PheKnowLator/pkt/58b0318588c0698b0d65defa92e96e11>,CONTEXTUAL clostridium butyricum cgmcc 9830: lower digestive tract Mus musculus
<http://github.com/callahantiff/PheKnowLator/pkt/f928b820ffe0f9afbcf36693ad8fc56b>,CONTEXTUAL clostridium: lower digestive tract Homo sapiens
<http://github.com/callahantiff/PheKnowLator/pkt/b7329cd619664292522f9b19320c8d3b>,CONTEXTUAL cebas 4a2: lower digestive tract Homo sapiens
<http://github.com/callahantiff/PheKnowLator/pkt/95fedfaa85a6e12987ba10fe5990550b>,CONTEXTUAL faecalibacterium prausnitzii dsm 17677: lower digestive tract Mus musculus
<http://github.com/callahantiff/PheKnowLator/pkt/bbf6a319cf2e6d8db49d69eb644aabc4>,CONTEXTUAL bifidobacterium dentium atcc 27678: lower digestive tract Homo sapiens
<http://github.com/callahantiff/PheKnowLator/pkt/9d13786db9c446d29d17725f2af173a2>,CONTEXTUAL lactobacillus crispatus m206119: lower digestive tract Mus musculus
<http://github.com/callahantiff/PheKnowLator/pkt/899f4a97a879b9090e285a949e76b014>,CONTEXTUAL bifidobacterium longum: lower digestive tract Homo sapiens
<http://github.com/callahantiff/PheKnowLator/pkt/e069e3d46b3d46a1c2d5b6464d3f4c5d>,CONTEXTUAL corynebacteriaceae: lower digestive tract Mus musculus
<http://github.com/callahantiff/PheKnowLator/pkt/ffc7a1332fd06c1e527e138dc8d412f3>,CONTEXTUAL bacteroides stercoris: lower digestive tract Homo sapiens
<http://github.com/callahantiff/PheKnowLator/pkt/1caaa7b1411ab274f79354f70a58f161>,CONTEXTUAL escherichia coli jcl166: lower digestive tract Homo sapiens
<http://github.com/callahantiff/PheKnowLator/pkt/dce5b288c17020c9faa3e29a4f1f8d04>,CONTEXTUAL blautia faecis m25(t): lower digestive tract Homo sapiens
<http://github.com/callahantiff/PheKnowLator/pkt/db339bb63c863d1926231eb328d31331>,CONTEXTUAL photobacterium angustum: lower digestive tract Homo sapiens
<http://github.com/callahantiff/PheKnowLator/pkt/66f37bfb4d7d7afc9a4c2c624bea7a17>,CONTEXTUAL ruminococcus flavefaciens: lower digestive tract Homo sapiens
<http://github.com/callahantiff/PheKnowLator/pkt/53cb39cc4eed58d6a497ac90996a6372>,CONTEXTUAL roseburia intestinalis: lower digestive tract Mus musculus
<http://github.com/callahantiff/PheKnowLator/pkt/4dd1ecc7af53352a95800faf28e14965>,CONTEXTUAL enterococcus durans ep3: lower digestive tract Homo sapiens
<http://github.com/callahantiff/PheKnowLator/pkt/21a80011607ea6053cd65b2ba04a2d4a>,CONTEXTUAL faecalibacterium prausnitzii atcc27766: lower digestive tract Mus musculus
<http://github.com/callahantiff/PheKnowLator/pkt/f4add033e8d9a3b6044c18c898093281>,CONTEXTUAL faecalibacterium prausnitzii a2-165: lower digestive tract Homo sapiens
<http://github.com/callahantiff/PheKnowLator/pkt/b7a1b94519073194c2cd01d5ec28effe>,CONTEXTUAL eggerthella. sp. cat-1: lower digestive tract Homo sapiens
<http://github.com/callahantiff/PheKnowLator/pkt/fd6924ce273ee74fc63e570e0d16e5b8>,CONTEXTUAL bifidobacterium longum subsp. infantis atcc 15697 = jcm 1222 = dsm 20088: lower digestive tract Homo sapiens
<http://github.com/callahantiff/PheKnowLator/pkt/6578bc9ec424bd5043457b3dbad24001>,CONTEXTUAL ruminococcus gnavus: lower digestive tract Homo sapiens
<http://github.com/callahantiff/PheKnowLator/pkt/9c4fa8e50a36fd2df3c9691e578569ee>,CONTEXTUAL bacteroides fragilis sdg-mt85-5b: lower digestive tract Homo sapiens
<http://github.com/callahantiff/PheKnowLator/pkt/272ebf915840ec309a55a1136f263711>,CONTEXTUAL firmicutes bacterium cag129: lower digestive tract Homo sapiens
<http://github.com/callahantiff/PheKnowLator/pkt/0c86badfbe1f7183d3a37f5fec0850e1>,CONTEXTUAL slackia sp. tm-30: lower digestive tract Mus musculus
<http://github.com/callahantiff/PheKnowLator/pkt/0167b296bbdca39a179a7d1913d03cbd>,CONTEXTUAL proteus penneri atcc 35198: lower digestive tract Mus musculus
<http://github.com/callahantiff/PheKnowLator/pkt/0f6928efc8b8907625f4c4af62e3a6f7>,CONTEXTUAL bifidobacterium pseudocatenulatum wc 0407: lower digestive tract Homo sapiens
<http://github.com/callahantiff/PheKnowLator/pkt/5af816c5673664a9aef133128b5b4014>,CONTEXTUAL prevotellaceae: lower digestive tract Homo sapiens
<http://github.com/callahantiff/PheKnowLator/pkt/8de7679e3efab8f8a5a9612bc0987fdf>,CONTEXTUAL clostridium sp. mste9gi: lower digestive tract Mus musculus
<http://github.com/callahantiff/PheKnowLator/pkt/16d6669c3aab7043de955511c902e713>,CONTEXTUAL escherichia coli o127:h6 str. e2348/69: lower digestive tract Homo sapiens
<http://github.com/callahantiff/PheKnowLator/pkt/d1926d69947e8d2e840f157003914c5a>,CONTEXTUAL slackia equolifaciens dze: lower digestive tract Homo sapiens
<http://github.com/callahantiff/PheKnowLator/pkt/1faf6541329c525e0cedcb67691a7c61>,CONTEXTUAL clostridium cadaveris bb88a: lower digestive tract Homo sapiens
<http://github.com/callahantiff/PheKnowLator/pkt/7ceb26038fd1861d2e54aa4b9c6987d0>,CONTEXTUAL lactobacillus paracasei js1: lower digestive tract Homo sapiens
<http://github.com/callahantiff/PheKnowLator/pkt/e3a2cf64944edf901003e1116771ecf8>,CONTEXTUAL weissella confusa: lower digestive tract Homo sapiens
<http://github.com/callahantiff/PheKnowLator/pkt/d69c1b7c1f33ebc83185a44402408344>,CONTEXTUAL ruminococcus bromii: lower digestive tract Homo sapiens
<http://github.com/callahantiff/PheKnowLator/pkt/e0d13c78b2831b997a764f4cf5373c95>,CONTEXTUAL firmicutes bacterium cag110: lower digestive tract Homo sapiens
<http://github.com/callahantiff/PheKnowLator/pkt/4576e34f0acf082edee3eefbdd1d4aad>,CONTEXTUAL mollicutes: lower digestive tract Homo sapiens
<http://github.com/callahantiff/PheKnowLator/pkt/4f7c03840188fae56e97221dbb5d98fa>,CONTEXTUAL bacillus subtilis: lower digestive tract Mus musculus
<http://github.com/callahantiff/PheKnowLator/pkt/4cb754eb7e8286c340f6bfc2fa6d480a>,CONTEXTUAL lactobacillus casei shirota: lower digestive tract Homo sapiens
<http://github.com/callahantiff/PheKnowLator/pkt/84677e03c0711027c12e963223add934>,CONTEXTUAL bacteria latreille et al. 1825: lower digestive tract Homo sapiens
<http://github.com/callahantiff/PheKnowLator/pkt/733efcf442d9a955c0f64cef3c563ca6>,CONTEXTUAL clostridium butyricum cgmcc0313-1: lower digestive tract Mus musculus
<http://github.com/callahantiff/PheKnowLator/pkt/49ddf18a18f2292f9f908e9f54588bbb>,CONTEXTUAL eubacterium rectale: lower digestive tract Homo sapiens
<http://github.com/callahantiff/PheKnowLator/pkt/df814f17dc75fddaa122024f4f33e133>,CONTEXTUAL adlercreutzia equolifaciens fjc-b9t: lower digestive tract Homo sapiens
<http://github.com/callahantiff/PheKnowLator/pkt/b8569e2e1dffb4f6ceff272ec26c9320>,CONTEXTUAL lactobacillus zeae: lower digestive tract Homo sapiens
<http://github.com/callahantiff/PheKnowLator/pkt/43fb4ebdff15dd34fde670c96f658052>,CONTEXTUAL hungatella: lower digestive tract Mus musculus
<http://github.com/callahantiff/PheKnowLator/pkt/9aa6b6b79d02bfd1e6ccf0202f47e894>,CONTEXTUAL enterococcus faecalis atcc 19433: lower digestive tract Mus musculus
<http://github.com/callahantiff/PheKnowLator/pkt/da96a75c0f3749dd802b381a66496e55>,CONTEXTUAL christensenellaceae: lower digestive tract Homo sapiens
<http://github.com/callahantiff/PheKnowLator/pkt/b4fee26dc309d3749100e4f567fb1097>,CONTEXTUAL lactobacillus reuteri: lower digestive tract Homo sapiens
<http://github.com/callahantiff/PheKnowLator/pkt/4e0f9391dceacc587f4e191919641ca5>,CONTEXTUAL eggerthella sinensis jcm 14551t: lower digestive tract Homo sapiens
<http://github.com/callahantiff/PheKnowLator/pkt/3ab8c50d28ce1d18863d20a4409c9bdf>,CONTEXTUAL paraprevotella: lower digestive tract Homo sapiens
<http://github.com/callahantiff/PheKnowLator/pkt/3d98ccd139e3b03a637581c97bed248b>,CONTEXTUAL enterococcus sp. 41: lower digestive tract Homo sapiens
<http://github.com/callahantiff/PheKnowLator/pkt/83eed5743418a5640273928089ee5f95>,CONTEXTUAL escherichia sp.64: lower digestive tract Homo sapiens
<http://github.com/callahantiff/PheKnowLator/pkt/20b38d14996a66134ba2515f1ada1ba5>,CONTEXTUAL clostridium sp. l2-50: lower digestive tract Homo sapiens
<http://github.com/callahantiff/PheKnowLator/pkt/3340019c880e2bc5465899da10db9935>,CONTEXTUAL salmonella enterica: lower digestive tract Mus musculus
<http://github.com/callahantiff/PheKnowLator/pkt/b080b6c7482a7289599188d26dc84ef2>,CONTEXTUAL veillonella: lower digestive tract Homo sapiens
<http://github.com/callahantiff/PheKnowLator/pkt/d089d95b092634c51fb9dea17ca2d723>,CONTEXTUAL enterococcus faecium epi1: lower digestive tract Homo sapiens
<http://github.com/callahantiff/PheKnowLator/pkt/c237ce1b1faa76c607303339d5887cb2>,CONTEXTUAL adlercreutzia equolifaciens fjc-a10: lower digestive tract Homo sapiens
<http://github.com/callahantiff/PheKnowLator/pkt/c926cfa67ac5d214ae6413a324f1cc4e>,CONTEXTUAL propionibacterium freudenreichii tl133: lower digestive tract Mus musculus
<http://github.com/callahantiff/PheKnowLator/pkt/54c3c4d87a3859465ee6180bdbb59bec>,CONTEXTUAL slackia isoflavoniconvertens he8: lower digestive tract Homo sapiens
<http://github.com/callahantiff/PheKnowLator/pkt/375c9fb06a15ade4186f4a0c73e6db43>,CONTEXTUAL bacteroides thetaiotaomicron bt_0558: lower digestive tract Mus musculus
<http://github.com/callahantiff/PheKnowLator/pkt/03be81e87a1e99f352a0d9a52db893b0>,CONTEXTUAL adlercreutzia equolifaciens mt4s-5: lower digestive tract Mus musculus
<http://github.com/callahantiff/PheKnowLator/pkt/5bda4cf3162eff5a59c563bc5bd2738e>,CONTEXTUAL streptococcus sp. mrg-ica-b: lower digestive tract Homo sapiens
<http://github.com/callahantiff/PheKnowLator/pkt/b36b3bb57ff72fa8f02666857cfa688d>,CONTEXTUAL cebas 4a3: lower digestive tract Homo sapiens
<http://github.com/callahantiff/PheKnowLator/pkt/c32da91bb21343d7e740b19c38fa1160>,CONTEXTUAL veillonella dispar: lower digestive tract Mus musculus
<http://github.com/callahantiff/PheKnowLator/pkt/45690072107a35fcac3da253cd5c1bf5>,CONTEXTUAL firmicutes bacterium cag176: lower digestive tract Homo sapiens
<http://github.com/callahantiff/PheKnowLator/pkt/bea8f985c042b7aeeda7f71a516fca19>,CONTEXTUAL anaerostipes hadrus ss2/1: lower digestive tract Mus musculus
<http://github.com/callahantiff/PheKnowLator/pkt/32c4f229dc5746395241537d20fb623d>,CONTEXTUAL escherichia coli bl21: lower digestive tract Homo sapiens
<http://github.com/callahantiff/PheKnowLator/pkt/75c4682d6dc841c0d79efb9df1b2258b>,CONTEXTUAL faecalibacterium prausnitzii htf-f: lower digestive tract Mus musculus
<http://github.com/callahantiff/PheKnowLator/pkt/d6959765664b547d0e41700e4a957c24>,CONTEXTUAL roseburia sp. a2-183: lower digestive tract Homo sapiens
<http://github.com/callahantiff/PheKnowLator/pkt/a5b2dd0a61a4a66a37e2e9ad140bf285>,CONTEXTUAL ligilactobacillus murinus: lower digestive tract Mus musculus
<http://github.com/callahantiff/PheKnowLator/pkt/186a6048ede0922c97bf45026c16f2e9>,CONTEXTUAL enterobacteriaceae: lower digestive tract Mus musculus
<http://github.com/callahantiff/PheKnowLator/pkt/3f119d5a21904bb44a293e1577c795de>,CONTEXTUAL enterococcus durans tn-3: lower digestive tract Mus musculus
<http://github.com/callahantiff/PheKnowLator/pkt/6c96dd2a4b7dc450949e19cf5e18a35d>,CONTEXTUAL escherichia coli nissle 1917: lower digestive tract Homo sapiens
<http://github.com/callahantiff/PheKnowLator/pkt/bc80ab696053941e0012ae6b5e87e52d>,CONTEXTUAL anaerotignum lactatifermentans dsm 14214: lower digestive tract Mus musculus
<http://github.com/callahantiff/PheKnowLator/pkt/a6f56880fdf061e020f5e75786a07390>,CONTEXTUAL streptococcus macedonicus aca-dc 198: lower digestive tract Homo sapiens
<http://github.com/callahantiff/PheKnowLator/pkt/0ee2c64a28ee55784c3863b84bb61b2b>,CONTEXTUAL bifidobacterium longum subsp. infantis atcc 15697 = jcm 1222 = dsm 20088: lower digestive tract Mus musculus
<http://github.com/callahantiff/PheKnowLator/pkt/4d2b0ad74ca7512116bf776f5479e6f8>,CONTEXTUAL escherichia coli: lower digestive tract Homo sapiens
<http://github.com/callahantiff/PheKnowLator/pkt/31c80d286337a7c20b2461d514091e4a>,CONTEXTUAL faecalibacterium prausnitzii cncm i-4573: lower digestive tract Homo sapiens
<http://github.com/callahantiff/PheKnowLator/pkt/9889d15d5173a5cf082e08327af4694a>,CONTEXTUAL bacteroides fragilis sdg-mt85-4c: lower digestive tract Homo sapiens
<http://github.com/callahantiff/PheKnowLator/pkt/e9cc1460962d96030df0de517cf79771>,CONTEXTUAL bifidobacterium longum subsp. infantis: lower digestive tract Mus musculus
<http://github.com/callahantiff/PheKnowLator/pkt/7447c9f17f0bbc18bb34c66a1b4d3d4a>,CONTEXTUAL odoribacter splanchnicus: lower digestive tract Mus musculus
<http://github.com/callahantiff/PheKnowLator/pkt/157a05673ca77e669fe6a8e049ad9a6f>,CONTEXTUAL bifidobacterium pseudocatenulatum wc 0403: lower digestive tract Homo sapiens
<http://github.com/callahantiff/PheKnowLator/pkt/749dfbbe13be2f43409f681ac9a9b948>,CONTEXTUAL faecalibacterium prausnitzii l2-6: lower digestive tract Homo sapiens
<http://github.com/callahantiff/PheKnowLator/pkt/52e8f73548d212a3a93da56d5a4fd667>,CONTEXTUAL faecalibacterium prausnitzii cncm i-4543: lower digestive tract Homo sapiens
<http://github.com/callahantiff/PheKnowLator/pkt/cd2a3611b5f71bd4efa4c216fd033f5a>,CONTEXTUAL bifidobacterium pseudocatenulatum b7003: lower digestive tract Homo sapiens
<http://github.com/callahantiff/PheKnowLator/pkt/df812b24cd621a184557522c9ed9b53f>,CONTEXTUAL bacteroides thetaiotaomicron bt1492: lower digestive tract Mus musculus
<http://github.com/callahantiff/PheKnowLator/pkt/b002eb7ca63ddc33f5d546deb78d1122>,CONTEXTUAL lactobacillus rhamnosus gg: lower digestive tract Mus musculus
<http://github.com/callahantiff/PheKnowLator/pkt/88e6f3ced58fcce3cbbaedbe858de8c5>,CONTEXTUAL bacteroides thetaiotaomicron vpi-5482: lower digestive tract Homo sapiens
<http://github.com/callahantiff/PheKnowLator/pkt/64e9d3c1e66956a2e7f1ae22d8145d89>,CONTEXTUAL eubacteriales: lower digestive tract Mus musculus
<http://github.com/callahantiff/PheKnowLator/pkt/9cccc478c4dd51869ef41fafa2aba23d>,CONTEXTUAL bacteroides caccae: lower digestive tract Mus musculus
<http://github.com/callahantiff/PheKnowLator/pkt/1c650e91b241a6f4c5d6b9f26b6aa344>,CONTEXTUAL roseburia intestinalis dsm 14610: lower digestive tract Mus musculus
<http://github.com/callahantiff/PheKnowLator/pkt/a2c8fcedbdd653ec9f41892ac1461090>,CONTEXTUAL bacteroides ovatus: lower digestive tract Mus musculus
<http://github.com/callahantiff/PheKnowLator/pkt/b0d21ce593e5faabc463f3b61587d06c>,CONTEXTUAL clostridium scindens atcc 35704: lower digestive tract Homo sapiens
<http://github.com/callahantiff/PheKnowLator/pkt/50105734086866d44e87011ae19ce995>,CONTEXTUAL parasutterella excrementihominis yit 11859(t): lower digestive tract Homo sapiens
<http://github.com/callahantiff/PheKnowLator/pkt/4f6e8e118dbca3231d520cc260a2dc4a>,CONTEXTUAL blautia obeum: lower digestive tract Homo sapiens
<http://github.com/callahantiff/PheKnowLator/pkt/a0439d1609cfbf5212a694de0a2917ed>,CONTEXTUAL butyrivibrio fibrisolvens: lower digestive tract Mus musculus
<http://github.com/callahantiff/PheKnowLator/pkt/7df916f7ae01c9a9bd7a87feb41f7a5b>,CONTEXTUAL escherichia: lower digestive tract Mus musculus
<http://github.com/callahantiff/PheKnowLator/pkt/97a7024de530bd87e5afd887bef8dbc0>,CONTEXTUAL parabacteroides distasonis: lower digestive tract Homo sapiens
<http://github.com/callahantiff/PheKnowLator/pkt/21406f32ec9e7fa66d3c31b89d1f9544>,CONTEXTUAL enterococcus: lower digestive tract Homo sapiens
<http://github.com/callahantiff/PheKnowLator/pkt/6c158e58f3da1c42db25e7c1b1a92cab>,CONTEXTUAL bifidobacterium adolescentis l2-32: lower digestive tract Mus musculus
<http://github.com/callahantiff/PheKnowLator/pkt/0eeaddd3c2a0ca7be1d4372a3bd2e531>,CONTEXTUAL clostridium sporogenes atcc 15579: lower digestive tract Homo sapiens
<http://github.com/callahantiff/PheKnowLator/pkt/632372fba9f063685fe27f021474171f>,CONTEXTUAL lactobacillus: lower digestive tract Mus musculus
<http://github.com/callahantiff/PheKnowLator/pkt/35d2c5e29824bfd7f541bc9bc96560d8>,CONTEXTUAL blautia producta: lower digestive tract Homo sapiens
<http://github.com/callahantiff/PheKnowLator/pkt/de501587dabb408ee666e7284675259e>,CONTEXTUAL enterococcus sp. mrg-ica-e: lower digestive tract Homo sapiens
<http://github.com/callahantiff/PheKnowLator/pkt/98ff390afe8be88133e859c6cc3fd1fa>,CONTEXTUAL dorea: lower digestive tract Homo sapiens
<http://github.com/callahantiff/PheKnowLator/pkt/67057e26613df72ee681acec02872d5f>,CONTEXTUAL faecalibacterium prausnitzii cncm i-4575: lower digestive tract Homo sapiens
<http://github.com/callahantiff/PheKnowLator/pkt/5713304af769fd7b931e632fc242854e>,CONTEXTUAL clostridium xlva: lower digestive tract Mus musculus
<http://github.com/callahantiff/PheKnowLator/pkt/e1f0e15ff60575f682d1fd8776dc8fca>,CONTEXTUAL finegoldia magna epi3: lower digestive tract Homo sapiens
<http://github.com/callahantiff/PheKnowLator/pkt/773eecfd0e13e6d83a7768499bafcbc0>,CONTEXTUAL bacteroides caccae: lower digestive tract Homo sapiens
<http://github.com/callahantiff/PheKnowLator/pkt/4cebbf880b4a3eaddfb183606ae53cc6>,CONTEXTUAL eggerthella lenta seco-mt75m3: lower digestive tract Homo sapiens
<http://github.com/callahantiff/PheKnowLator/pkt/41f667db37b22b284a753da460a0442e>,CONTEXTUAL clostridium sporogenes atcc15579: lower digestive tract Homo sapiens
<http://github.com/callahantiff/PheKnowLator/pkt/9e1d7e0f896b8defd360fb95b1110321>,CONTEXTUAL klebsiella: lower digestive tract Homo sapiens
<http://github.com/callahantiff/PheKnowLator/pkt/a2f5a7dec11374b036b2d13206952198>,CONTEXTUAL barnesiella intestinihominis yit 11860(t): lower digestive tract Homo sapiens
<http://github.com/callahantiff/PheKnowLator/pkt/6217d0f1e15397de94d01bd4054259c7>,CONTEXTUAL slackia equolifaciens jcm 16059: lower digestive tract Homo sapiens
<http://github.com/callahantiff/PheKnowLator/pkt/f7449081401a50891dec09e3d71fe544>,CONTEXTUAL eggerthella sp. sdg-2: lower digestive tract Homo sapiens
<http://github.com/callahantiff/PheKnowLator/pkt/61b00e96215d5d66a582e914a61d15f3>,CONTEXTUAL ruminococcus gnavus e1: lower digestive tract Homo sapiens
<http://github.com/callahantiff/PheKnowLator/pkt/cb92dd87a237615460420477c33e59c3>,CONTEXTUAL enterorhabdus mucosicola mt1b8: lower digestive tract Mus musculus
<http://github.com/callahantiff/PheKnowLator/pkt/92d0c9695a8f6da134b40108357c8369>,CONTEXTUAL coprococcus catus vpi-c6-61: lower digestive tract Mus musculus
<http://github.com/callahantiff/PheKnowLator/pkt/62e470e243c451410b8e642eb88495e8>,CONTEXTUAL eubacterium: lower digestive tract Homo sapiens
<http://github.com/callahantiff/PheKnowLator/pkt/775a811ce5d5edfafa4d3bec2cd4fbfd>,CONTEXTUAL bifidobacterium sp. lkm512: lower digestive tract Mus musculus
<http://github.com/callahantiff/PheKnowLator/pkt/c1b42f46cd050807161f79da70550b28>,CONTEXTUAL clostridium orbiscindens i2: lower digestive tract Homo sapiens
<http://github.com/callahantiff/PheKnowLator/pkt/0966ccb3a69dccb5448accd6e61d7d27>,CONTEXTUAL mitsuokella: lower digestive tract Homo sapiens
<http://github.com/callahantiff/PheKnowLator/pkt/9cfa4ada1b0890643e98cea6550353ef>,CONTEXTUAL bacteroides ovatus sdg-mt85-3c: lower digestive tract Homo sapiens
<http://github.com/callahantiff/PheKnowLator/pkt/14f84db25d1d324f3a5302ab48e770ea>,CONTEXTUAL akkermansia muciniphila dsm 22959: lower digestive tract Mus musculus
<http://github.com/callahantiff/PheKnowLator/pkt/f780c2f674d7b98c999496e8a31d97ee>,CONTEXTUAL subdoligranulum sp.: lower digestive tract Homo sapiens
<http://github.com/callahantiff/PheKnowLator/pkt/4945ddbc52d039b40b5a23521dfaf3ca>,CONTEXTUAL bififidobacterium thetaiotaomicron dsm 2079: lower digestive tract Mus musculus
<http://github.com/callahantiff/PheKnowLator/pkt/e9e54767ea09f3d38949b74c101a2c62>,CONTEXTUAL coprococcus catus: lower digestive tract Homo sapiens
<http://github.com/callahantiff/PheKnowLator/pkt/a8940c8e875d3a2f47f73d03eb37ad0e>,CONTEXTUAL edwardsiella tarda atcc 23685: lower digestive tract Mus musculus
<http://github.com/callahantiff/PheKnowLator/pkt/d07b381ce2fc0607fc5fa014ad5bf1a8>,CONTEXTUAL muribaculaceae: lower digestive tract Mus musculus
<http://github.com/callahantiff/PheKnowLator/pkt/f4ece73868e2ec6b8ef8f5a40f2500a3>,CONTEXTUAL bifidobacterium pseudocatenulatum wc 0400: lower digestive tract Homo sapiens
<http://github.com/callahantiff/PheKnowLator/pkt/c398503498b2b898120bde2d5e93d726>,CONTEXTUAL eubacterium ramulus: lower digestive tract Homo sapiens
<http://github.com/callahantiff/PheKnowLator/pkt/3ab0022b906afa75a1c338e015d05c75>,CONTEXTUAL escherichia coli hgh21: lower digestive tract Homo sapiens
<http://github.com/callahantiff/PheKnowLator/pkt/0b7b2c38343998c6ebcfd5ea3c5e5334>,CONTEXTUAL acinetobacter: lower digestive tract Homo sapiens
<http://github.com/callahantiff/PheKnowLator/pkt/62404352cf2195744ed5242c3d841bcb>,CONTEXTUAL lactobacillus ruminis: lower digestive tract Homo sapiens
<http://github.com/callahantiff/PheKnowLator/pkt/24d36a0a07063fbdd67cafa79358ee94>,CONTEXTUAL bacteroides thetaiotaomicron bt_1224: lower digestive tract Mus musculus
<http://github.com/callahantiff/PheKnowLator/pkt/1bc5ffe9d05209cc6bea491ab14aa478>,CONTEXTUAL eubacterium ramulus attc 29099: lower digestive tract Homo sapiens
<http://github.com/callahantiff/PheKnowLator/pkt/45166bc1969a55e5f7064d0eebaa57d7>,CONTEXTUAL flavonifractor plautii: lower digestive tract Mus musculus
<http://github.com/callahantiff/PheKnowLator/pkt/0fab88de319350a8d1c3bbcf88e8c149>,CONTEXTUAL faecalibacterium prausnitzii cncm i-4541: lower digestive tract Homo sapiens
<http://github.com/callahantiff/PheKnowLator/pkt/921951eee1663f1e9a8d2fd2ba884add>,CONTEXTUAL streptococcus: lower digestive tract Homo sapiens
<http://github.com/callahantiff/PheKnowLator/pkt/f468b8515c166b4e471b4f33c38aa68b>,CONTEXTUAL desulfovibrionaceae: lower digestive tract Mus musculus
<http://github.com/callahantiff/PheKnowLator/pkt/2d54b4ccfe912cebe1fba137b680b3ca>,CONTEXTUAL eubacterium limosum: lower digestive tract Mus musculus
<http://github.com/callahantiff/PheKnowLator/pkt/30187aa7d3886ba8e4a9e9acc8ccd75e>,CONTEXTUAL adlercreutzia equolifaciens mt4s-5: lower digestive tract Homo sapiens
<http://github.com/callahantiff/PheKnowLator/pkt/a4719a633c5ede3e153c126f9ec2408b>,CONTEXTUAL bacteroides sp. 22: lower digestive tract Homo sapiens
<http://github.com/callahantiff/PheKnowLator/pkt/1dbe8b5831ed12b6d45b9994cfa88e72>,CONTEXTUAL lactobacillus acidophilus: lower digestive tract Mus musculus
<http://github.com/callahantiff/PheKnowLator/pkt/e43a3883f38c0fbddddb83c9db1ec408>,CONTEXTUAL faecalibacterium prausnitzii a2-165: lower digestive tract Mus musculus
<http://github.com/callahantiff/PheKnowLator/pkt/f0b8b0428e6b08ae900071922547835d>,CONTEXTUAL flavonifractor plautii ak2: lower digestive tract Homo sapiens
<http://github.com/callahantiff/PheKnowLator/pkt/12cc7f6b2f2087391daca2371864d803>,CONTEXTUAL faecalibacterium prausnitzii: lower digestive tract Homo sapiens
<http://github.com/callahantiff/PheKnowLator/pkt/0816807411d04a61049f9e3cb7565e57>,CONTEXTUAL roseburia inulinivorans dsm 16841: lower digestive tract Mus musculus
<http://github.com/callahantiff/PheKnowLator/pkt/86b261fbf04b90d5cfcf94d8c7ae6f51>,CONTEXTUAL dialister: lower digestive tract Homo sapiens
<http://github.com/callahantiff/PheKnowLator/pkt/abe78fa72a54a3f055557876fc49228c>,CONTEXTUAL bifidobacterium bifidum mb 254: lower digestive tract Homo sapiens
<http://github.com/callahantiff/PheKnowLator/pkt/d957df810a465d6498daadae5e916acc>,CONTEXTUAL christensenellaceae: lower digestive tract Mus musculus
<http://github.com/callahantiff/PheKnowLator/pkt/0bfff2da044a224920ea6a702f59fe89>,CONTEXTUAL cebas 4a1: lower digestive tract Homo sapiens
<http://github.com/callahantiff/PheKnowLator/pkt/5b6133d3c6c6c2a2c6cdc25a39c89c05>,CONTEXTUAL lactobacillus gasseri: lower digestive tract Homo sapiens
<http://github.com/callahantiff/PheKnowLator/pkt/80600f2665621336ccf1d1fce3c5da28>,CONTEXTUAL odoribacter laneus yit 12061: lower digestive tract Homo sapiens
<http://github.com/callahantiff/PheKnowLator/pkt/7ce33550a301691ed982502eac0abbe2>,CONTEXTUAL desulfovibrio piger: lower digestive tract Homo sapiens
<http://github.com/callahantiff/PheKnowLator/pkt/4a41706cf1a5e5d1aabffdb9b572ed61>,CONTEXTUAL propionibacterium avidum: lower digestive tract Homo sapiens
<http://github.com/callahantiff/PheKnowLator/pkt/4ca66c19de2db718b5f37ab4cf7a48c9>,CONTEXTUAL coprococcus: lower digestive tract Homo sapiens
<http://github.com/callahantiff/PheKnowLator/pkt/1c1d6d2f5b25768b6c2bc67201283d6d>,CONTEXTUAL lactobacillus mucosae epi2: lower digestive tract Homo sapiens
<http://github.com/callahantiff/PheKnowLator/pkt/fb75368dae70c482be099561d6d09a15>,CONTEXTUAL slackia isoflavoniconvertens jcm 16137: lower digestive tract Homo sapiens
<http://github.com/callahantiff/PheKnowLator/pkt/b272cf4ce55edba35cdb24630dd148c7>,CONTEXTUAL collinsella tanakaei yit yit 12064: lower digestive tract Homo sapiens
<http://github.com/callahantiff/PheKnowLator/pkt/d74ad03562523de900ad39222fa7a12b>,CONTEXTUAL clostridium butyricum: lower digestive tract Mus musculus
<http://github.com/callahantiff/PheKnowLator/pkt/f40fad8e27d2e0d7c447059ee1975662>,CONTEXTUAL bulleidia: lower digestive tract Homo sapiens
<http://github.com/callahantiff/PheKnowLator/pkt/76e79145b04622f0b500dbb1e3e7e41a>,CONTEXTUAL bifidobacterium longum: lower digestive tract Mus musculus
<http://github.com/callahantiff/PheKnowLator/pkt/b78dab90a6a1b72ea662c26e25acfe04>,CONTEXTUAL bifidobacterium: lower digestive tract Homo sapiens
<http://github.com/callahantiff/PheKnowLator/pkt/99ff9ed2578e6c64db7a2ada0384466d>,CONTEXTUAL bacillus sp. 46: lower digestive tract Homo sapiens
<http://github.com/callahantiff/PheKnowLator/pkt/2b612185be0133ea7724eb24a668bf97>,CONTEXTUAL providencia rustiganii: lower digestive tract Mus musculus
<http://github.com/callahantiff/PheKnowLator/pkt/e80463b203810cf399c0f30eda7fdbf7>,CONTEXTUAL bacteroidetes: lower digestive tract Homo sapiens
<http://github.com/callahantiff/PheKnowLator/pkt/8fa1d794c4f290587db311c708e81afa>,CONTEXTUAL bacteroides: lower digestive tract Mus musculus
<http://github.com/callahantiff/PheKnowLator/pkt/d8460eb44e7cd17d9a164c542695c3f8>,CONTEXTUAL enterococcus casseliflavus: lower digestive tract Homo sapiens
<http://github.com/callahantiff/PheKnowLator/pkt/5f1e89f2076e8ca25588537e7c4715e9>,CONTEXTUAL clostridium sp. tm-40: lower digestive tract Homo sapiens
<http://github.com/callahantiff/PheKnowLator/pkt/fedec3d7d27f36e7e9b341b25c14fbb6>,CONTEXTUAL flavonifractor plautii atcc 29863: lower digestive tract Homo sapiens
<http://github.com/callahantiff/PheKnowLator/pkt/40402e96aa372f697337fa39724f7c7a>,CONTEXTUAL eubacterium rectale: lower digestive tract Mus musculus
<http://github.com/callahantiff/PheKnowLator/pkt/6f615e60e58114900c33c699dd96f611>,CONTEXTUAL corynebacterium glutamicum: lower digestive tract Mus musculus
<http://github.com/callahantiff/PheKnowLator/pkt/538f773572f8d3d788d3f21eca977a45>,CONTEXTUAL veillonella parvula l59: lower digestive tract Mus musculus
<http://github.com/callahantiff/PheKnowLator/pkt/267fe77c6fb1b5ddde1d6746ac3beee4>,CONTEXTUAL clostridium orbiscindens i1: lower digestive tract Homo sapiens
<http://github.com/callahantiff/PheKnowLator/pkt/ca06b596861942697d6fa6843ca773fb>,CONTEXTUAL eubacterium sp.: lower digestive tract Homo sapiens
<http://github.com/callahantiff/PheKnowLator/pkt/6af5f295699631a732958998ae74d178>,CONTEXTUAL faecalibacterium prausnitzii atcc 27768t: lower digestive tract Homo sapiens
<http://github.com/callahantiff/PheKnowLator/pkt/de50e01ce0f1f15837594a6301686db0>,CONTEXTUAL ruminococcus: lower digestive tract Homo sapiens
<http://github.com/callahantiff/PheKnowLator/pkt/eb81f2a68992a5ac9483fc6805a3a6cc>,CONTEXTUAL phascolarctobacterium faecium: lower digestive tract Mus musculus
<http://github.com/callahantiff/PheKnowLator/pkt/d2ff024ee607f42c0ffcf015cb498c83>,CONTEXTUAL escherichia coli k-12: lower digestive tract Homo sapiens
<http://github.com/callahantiff/PheKnowLator/pkt/0284300cb40ca4cc1d17f350e99b3f6b>,CONTEXTUAL escherichia coli hgh6: lower digestive tract Homo sapiens
<http://github.com/callahantiff/PheKnowLator/pkt/eb2898584ae79217c6c242afcd8155ae>,CONTEXTUAL intestinibacter bartlettii: lower digestive tract Mus musculus
<http://github.com/callahantiff/PheKnowLator/pkt/b79a01d0de39283338844f342b44ee1e>,CONTEXTUAL clostridium scindens vpi 12708: lower digestive tract Homo sapiens
<http://github.com/callahantiff/PheKnowLator/pkt/9f688c0782ac0cfee24267fe0984d53b>,CONTEXTUAL escherichia coli o127:h6 str. e2348/69: lower digestive tract Mus musculus
<http://github.com/callahantiff/PheKnowLator/pkt/4cf6a4a4462ac2f4e3d33b79523f5602>,CONTEXTUAL faecalibacterium: lower digestive tract Homo sapiens
<http://github.com/callahantiff/PheKnowLator/pkt/1b21846ce70004e7125939d652aef1ab>,CONTEXTUAL clostridium butyricum atcc 19398: lower digestive tract Homo sapiens
<http://github.com/callahantiff/PheKnowLator/pkt/3fd75e217beb0e53c05e96899d5d73bf>,CONTEXTUAL kocuria: lower digestive tract Homo sapiens
<http://github.com/callahantiff/PheKnowLator/pkt/010dd9d83178f4fd666f9b739f1c4c2d>,CONTEXTUAL escherichia sp. 49a: lower digestive tract Homo sapiens
<http://github.com/callahantiff/PheKnowLator/pkt/cdceaca1f1f88028fe4d31f91604f152>,CONTEXTUAL clostridium butyricum wzmc1016: lower digestive tract Mus musculus
<http://github.com/callahantiff/PheKnowLator/pkt/a2d7b22cba3bbc057632f48d102e81d7>,CONTEXTUAL firmicutes: lower digestive tract Homo sapiens
<http://github.com/callahantiff/PheKnowLator/pkt/c351fe19849414d184b13914dc5f19ff>,CONTEXTUAL bacterium mrg-pmf-1: lower digestive tract Homo sapiens
<http://github.com/callahantiff/PheKnowLator/pkt/fce59cd3323911bcad30ae367bc80abe>,CONTEXTUAL lawsonibacter asaccharolyticus 3bbh22t: lower digestive tract Homo sapiens
<http://github.com/callahantiff/PheKnowLator/pkt/874474ce22e1826aa29afe0080cc4e05>,CONTEXTUAL enterococcus durans ep2: lower digestive tract Homo sapiens
<http://github.com/callahantiff/PheKnowLator/pkt/eb54e8e93d5699c0c6f1488a3a065780>,CONTEXTUAL eubacterium hallii l2-7: lower digestive tract Mus musculus
<http://github.com/callahantiff/PheKnowLator/pkt/30463aa9de9bd73c031385dc8c73ea87>,CONTEXTUAL eubacterium hallii: lower digestive tract Homo sapiens
<http://github.com/callahantiff/PheKnowLator/pkt/b87d13b72f4963ad9cd707dace4992b4>,CONTEXTUAL coriobacteriaceae: lower digestive tract Mus musculus
<http://github.com/callahantiff/PheKnowLator/pkt/5ca33129ddf756a113704e272ddbe38e>,CONTEXTUAL bifidobacterium longum ipla e44: lower digestive tract Homo sapiens
<http://github.com/callahantiff/PheKnowLator/pkt/f02c1d01fd8c2e0ae95b11a1c16da151>,CONTEXTUAL faecalibacterium prausnitzii m 21/2: lower digestive tract Homo sapiens
<http://github.com/callahantiff/PheKnowLator/pkt/432d9c9f0f80a03133efbf430f2b77f8>,CONTEXTUAL blautia sp. auh-jld56: lower digestive tract Homo sapiens
<http://github.com/callahantiff/PheKnowLator/pkt/34840ec8e46a1e13097d3c6e9a2facbc>,CONTEXTUAL faecalibacterium prausnitzii atcc 27766: lower digestive tract Mus musculus
<http://github.com/callahantiff/PheKnowLator/pkt/6a150d7f5786be39ffcba2cae6b0d568>,CONTEXTUAL enterococcus avium ly1: lower digestive tract Mus musculus
<http://github.com/callahantiff/PheKnowLator/pkt/8be771e792cd1b5196e4880039b97d52>,CONTEXTUAL escherichia coli nissle 1917: lower digestive tract Mus musculus
<http://github.com/callahantiff/PheKnowLator/pkt/f0dbc17e25b5dbbf21d23311290ece36>,CONTEXTUAL bifidobacterium longum h-1: lower digestive tract Homo sapiens
<http://github.com/callahantiff/PheKnowLator/pkt/cf820f970d2c594fb8bc2b3fed997414>,CONTEXTUAL coprococcus eutactus atcc 27759: lower digestive tract Mus musculus
<http://github.com/callahantiff/PheKnowLator/pkt/c3177f431eea81764c2f4cabd593d850>,CONTEXTUAL emergencia timonensis sp2-71.3: lower digestive tract Homo sapiens
<http://github.com/callahantiff/PheKnowLator/pkt/ba6a7b341363528cb95878d008ca3c4f>,CONTEXTUAL lactobacillus fermentum aca-dc 179: lower digestive tract Homo sapiens
<http://github.com/callahantiff/PheKnowLator/pkt/b95c62f8708a62cf418bcc2aef71dc8c>,CONTEXTUAL mitsuokella multacida: lower digestive tract Homo sapiens
<http://github.com/callahantiff/PheKnowLator/pkt/4fa9cc97851d77b316e96f6b25bad02d>,CONTEXTUAL clostridium hathewayi dsm 13749: lower digestive tract Mus musculus
<http://github.com/callahantiff/PheKnowLator/pkt/f884f15298d1783079530127a6ffce26>,CONTEXTUAL eubacterium ramulus dsm 16296: lower digestive tract Homo sapiens
<http://github.com/callahantiff/PheKnowLator/pkt/3cd92bdc91953b41a4465608e2a0a8d0>,CONTEXTUAL lactobacillus casei shirota: lower digestive tract Mus musculus
<http://github.com/callahantiff/PheKnowLator/pkt/71abc50e78b2c66ae53cc8e82f6b0411>,CONTEXTUAL alistipes onderdonkii: lower digestive tract Mus musculus
<http://github.com/callahantiff/PheKnowLator/pkt/59d2ee68510b11db39c769b2c57cdcdd>,CONTEXTUAL ruminococcus gnavus: lower digestive tract Mus musculus
<http://github.com/callahantiff/PheKnowLator/pkt/d6c0c9fa6e38d7ddbc25da91d1c18c75>,CONTEXTUAL roseburia obeum a2-162: lower digestive tract Mus musculus
<http://github.com/callahantiff/PheKnowLator/pkt/e3655b2078118eed3daa214e7b285589>,CONTEXTUAL lactobacillus crustorum mn047: lower digestive tract Mus musculus
<http://github.com/callahantiff/PheKnowLator/pkt/4e247ae6c19696ea0547a17cff6e2801>,CONTEXTUAL lactobacillus rhamnosus: lower digestive tract Mus musculus
<http://github.com/callahantiff/PheKnowLator/pkt/5e7681e0124593f33cb2aa1846f7c59d>,CONTEXTUAL streptococcus salivarius jim8772: lower digestive tract Homo sapiens
<http://github.com/callahantiff/PheKnowLator/pkt/3f365eba1d31f97a77ce7e6979cefe85>,CONTEXTUAL bacteroides sp. 45: lower digestive tract Homo sapiens
<http://github.com/callahantiff/PheKnowLator/pkt/c9b8ab187b295f3bfe06bcd1d2d0615d>,CONTEXTUAL eikenella: lower digestive tract Homo sapiens
<http://github.com/callahantiff/PheKnowLator/pkt/5435c6d1d2f5ef8071ee1c0cbab73602>,CONTEXTUAL bacteroides intestinalis: lower digestive tract Mus musculus
<http://github.com/callahantiff/PheKnowLator/pkt/8de8735e754c433a7f8b1e020fa75962>,CONTEXTUAL veillonellaceae: lower digestive tract Homo sapiens
<http://github.com/callahantiff/PheKnowLator/pkt/05ebf577663cd210de86e76ea1850802>,CONTEXTUAL enterococcus durans: lower digestive tract Mus musculus
<http://github.com/callahantiff/PheKnowLator/pkt/ab81f5d9589909140f55b60118ac3fb9>,CONTEXTUAL lactobacillus plantarum wcfs1: lower digestive tract Mus musculus
<http://github.com/callahantiff/PheKnowLator/pkt/b7d12a922b8d64b543454c16c3f05bb0>,CONTEXTUAL nippostrongylus brasiliensis: lower digestive tract Mus musculus
<http://github.com/callahantiff/PheKnowLator/pkt/587821bebee98082205a43e568487120>,CONTEXTUAL blautia sp. mrg-pmf1: lower digestive tract Homo sapiens
<http://github.com/callahantiff/PheKnowLator/pkt/8e1c0604141662ae1681029833a1ce1e>,CONTEXTUAL ruminococcus champanellensis 18p13(t): lower digestive tract Homo sapiens
<http://github.com/callahantiff/PheKnowLator/pkt/7abd016924c18e9dd239e89148f47816>,CONTEXTUAL fusobacterium sp. k-60: lower digestive tract Homo sapiens
<http://github.com/callahantiff/PheKnowLator/pkt/a7c949597e61183490fa390542b980f6>,CONTEXTUAL clostridium sp. hgh136: lower digestive tract Homo sapiens
<http://github.com/callahantiff/PheKnowLator/pkt/6d03d7f6ca208a17d22ff3a4ecd52767>,CONTEXTUAL faecalibacterium prausnitzii l2-6: lower digestive tract Mus musculus
<http://github.com/callahantiff/PheKnowLator/pkt/62615afe51f1bea72db56e7f7f7455b5>,CONTEXTUAL prevotella: lower digestive tract Mus musculus
<http://github.com/callahantiff/PheKnowLator/pkt/fbe365554b4130fed66adfed1453f60d>,CONTEXTUAL bacteroides thetaiotaomicron bt_1225: lower digestive tract Mus musculus
